sequence_id,cycle,voltage_mean,voltage_std,voltage_min,voltage_max,voltage_range,current_mean,current_std,current_min,current_max,temperature_mean,temperature_std,temperature_max,temperature_rise,duration_s,energy_Wh,SOH,local_cycle
1,1,3.4752664759657903,0.28433499707641363,2.470611866932728,4.246764125510136,1.776152258577408,-0.9527668403077523,0.20124197190332235,-1.00110134824347,0.000252388610586,8.272422519178683,1.453783057648066,12.376815880696888,2.5436846365931407,6436.141,5.938076996968497,100.0,1
1,2,3.4765588189090355,0.27217713912606145,2.477661652422805,4.186635709569866,1.7089740571470609,-0.9838885014038209,0.10658325200189397,-0.9981417400029184,-0.0015358996096327,8.210715424489035,1.2387148677454765,11.314903320182369,5.349811216816813,5650.265,5.3810110358065915,90.77348201883669,2
1,3,3.4707669643372343,0.2782061491833235,2.4707098734854784,4.199922751479228,1.7292128779937497,-0.9838892612061609,0.10718817178967104,-1.0003069695936524,-0.000745698662656,7.954455063989402,1.4152104627183466,11.624528187721143,3.9645675622358025,5590.907,5.31560563750951,89.8228583301189,3
1,4,3.4675514337042928,0.27808334092416015,2.465457800547402,4.199568876812779,1.734111076265377,-0.9789465319710104,0.12734717235771573,-0.9982799264042614,0.0003032433409723,7.985864710265717,1.3765134444342424,11.0929238810592,5.660573424888076,5543.61,5.2405495863165585,88.60970044718283,4
1,5,3.4628386272032645,0.28224384870130087,2.465765118194009,4.1993968014662295,1.7336316832722205,-0.9762620303137102,0.13660538733448188,-0.9986834889880236,0.0004220115914528,8.009426990342208,1.321759611099181,11.020979145558456,5.733636058322787,5499.046,5.177300003612876,87.64939952452345,5
1,6,3.4591836330966035,0.2805787826778443,2.4700482803033514,4.198907847432783,1.7288595671294313,-0.9711681299821951,0.15301517407145637,-1.0016128378277855,9.027841205808632e-07,8.033626730077737,1.3591661687809755,11.05909419348262,4.863641876068058,5461.219,5.109969763837349,86.58159375738502,6
1,7,3.440865649757287,0.27683465141748076,2.484128874181115,4.163303236325632,1.6791743621445168,-0.9709334670284248,0.15342464945356454,-0.9983585499996894,0.0009494056462554,8.150799939416203,1.5119045013973855,11.877028657628198,5.5000479118516115,5451.281,5.072681383088056,86.4091301445686,7
1,8,3.44810227661685,0.28290323875304185,2.483034750266961,4.181797294694067,1.698762544427106,-0.9610547420763002,0.18050806944423764,-1.001368895703553,-0.000611161990235,8.230899786348077,1.3209744547635303,11.559250858608888,5.169357294962475,5468.062,5.047060195444058,85.76840379622695,8
1,9,3.4496654644975946,0.27977111975208924,2.49830336362436,4.197837203348764,1.6995338397244044,-0.9582923588349711,0.18771850959733916,-1.0008569581108415,-0.0013182019564115,8.146945225413083,1.3762753118274,11.34743713793976,4.627983042790405,5411.297,4.982285156270496,84.63403141359765,9
1,10,3.4449123724079618,0.2850824520913082,2.49851157426792,4.197777018222757,1.699265443954837,-0.9553719838321842,0.1946897334358615,-0.9983176454232487,-8.976016421710795e-06,8.251894856354932,1.3495251212887043,11.693269060729056,4.6888107548656555,5369.703,4.9220630044459455,83.7278346781744,10
1,11,3.4418308643708455,0.28221806463046634,2.4919375577484737,4.197306543877358,1.7053689861288839,-0.9527836491780217,0.2013646100471934,-0.9987614170997864,-0.0002584377680427,8.23497518866995,1.4080615390183822,11.557441727679937,4.670423587476666,5327.406,4.864973731189526,82.83570818094,11
1,12,3.4344681780842876,0.2907259406499872,2.4683068422721184,4.19770091242359,1.7293940701514718,-0.949814677088373,0.20753634887068967,-0.9997148821455012,-0.0008146601542771,8.269239827690175,1.3515926065298642,11.667407771157473,4.515315943146529,5299.266,4.813667762588777,82.13925638358006,12
1,13,3.430115214310407,0.27311720626695946,2.479195639185483,4.1533796403143945,1.6741840011289115,-0.962374774611937,0.17682201780683054,-0.997480494103194,0.0028748902917332,8.236583239584068,1.5394563290627714,11.311016339650983,5.001556959391977,5367.172,4.935609639109876,84.31914664386898,13
1,14,3.442078085056046,0.27902708249350994,2.4933737831605582,4.1809212253928045,1.6875474422322463,-0.9528782892582865,0.20051609910107937,-0.9986334774069276,-0.0005800539086706,8.16126508624072,1.4132538113349646,11.175603921563273,5.170331133511535,5406.812,4.939021393018356,84.08209707347595,14
1,15,3.4424678812268277,0.28251007358934205,2.491571322470993,4.198049966629152,1.706478644158159,-0.9497638833815831,0.20734894649892138,-0.9987804112417712,-0.0003116546335126,8.25301239256121,1.4096147969417179,11.15023736338702,4.985889930824295,5353.094,4.873935540533541,82.96949445902429,15
1,16,3.4338551425476287,0.28675476453100107,2.471859124111365,4.19764856730434,1.7257894431929754,-0.9517106306260905,0.20339936422743216,-0.999389466856038,0.0017552546473027,8.291638340695691,1.503935634229976,11.81131136026599,5.154911472717749,5280.031,4.805739242148829,82.01690911670181,16
1,17,3.4327517306039357,0.2837963895568055,2.488914813470205,4.1969633661005,1.7080485526302955,-0.9434304652541514,0.22036136794575611,-0.9976329826755008,-0.0004111896147658,8.318107121376224,1.478801961090949,11.699803023226297,4.10440680273373,5248.593,4.731897137866886,80.80345493098427,17
1,18,3.4273855541261473,0.2878272123291579,2.472852533936716,4.196227134476293,1.723374600539577,-0.9400482502771171,0.2268732596162597,-0.9979036135281564,0.000409703822772,8.303021352537922,1.4062732920825805,11.234017863419322,4.706076465481,5203.375,4.666447549021852,79.82209417440608,18
1,19,3.4184685184601045,0.2885868788232025,2.4822189935935484,4.176260352394772,1.6940413588012238,-0.9371553622323052,0.23315004234951897,-0.9983031482652808,0.0020782269682447,8.32601397527908,1.4079811515920417,11.729632241368254,4.26832254045198,5166.812,4.605413566462972,79.00710057132902,19
1,21,3.4156755122328164,0.2913387097780891,2.481264290061195,4.199835388165491,1.718571098104296,-0.9234823229846594,0.2570770290030893,-0.9989433150461876,0.0006870764093463,8.388106987601862,1.534862052875029,12.186162994585318,3.6529994762594917,5340.281,4.683113446242002,80.43530305328609,20
1,22,3.4189443106786306,0.2885981410630757,2.487540187711501,4.195847527614419,1.7083073399029183,-0.930472095057463,0.24459607106311157,-0.9988068791837494,0.0002855601188947,8.304841644444155,1.355990395864389,11.147409475641334,3.7285298786286862,5103.0,4.514875844843612,77.47245714397778,21
1,23,3.4147835574863517,0.2873263908738879,2.4907582384317,4.195387366763826,1.7046291283321255,-0.9322821459755778,0.2413148982380613,-0.9985415333431112,0.0006728455289218,8.319029412369582,1.440021956610382,11.681014963080823,3.7504997735708123,5051.172,4.472418589156943,76.83779295542976,22
1,24,3.409591730169167,0.2864319849937852,2.493163832069928,4.174064296873529,1.6809004648036008,-0.9267897523084677,0.2514114263675573,-0.9978750591581058,-0.0001800606767888,8.401755924951388,1.3686964068048468,11.29683746494969,3.9282748864036865,5027.563,4.416650261858625,76.02335851186336,23
1,25,3.407645240350967,0.29056442416523226,2.479240941037315,4.194958886516552,1.7157179454792373,-0.9316504925123936,0.2428919464944617,-0.999192550425453,0.0003758094009547,8.395347720509116,1.463571529517149,11.88239860330653,3.833823700462731,4993.765,4.409524840575314,75.9226761650731,24
1,26,3.407201115194828,0.29229417940297314,2.4915265338912347,4.194794488425212,1.7032679545339775,-0.9255669375549472,0.2532228197643199,-0.9986749467627316,0.0004578109728141,8.419292173692186,1.4215331549150718,11.79170575767619,3.6230975969116104,4962.469,4.3497746548133795,74.94191780638747,25
1,27,3.402851724115477,0.2916749413758398,2.495727313119633,4.194210512385239,1.6984831992656062,-0.9273633082574366,0.2501628083170414,-0.9974120790687706,0.0023220081628674,8.293327119939335,1.5687506914712332,11.72661603963688,3.466980971913519,4907.859,4.304944611809218,74.27190958304524,26
1,28,3.398740761774466,0.29310708428014587,2.4979742120513757,4.19378669081209,1.6958124787607147,-0.9267828902753352,0.250818708901862,-1.0012611494596309,-2.2621404575421425e-05,8.49190236531868,1.6734213287427282,12.464631760563272,4.144121382718135,4888.656,4.280478787300608,73.93952873002009,27
1,29,3.3945066004903923,0.2907595352551611,2.495109477398993,4.1718864589662426,1.6767769815672495,-0.9236824517720293,0.25636041029447065,-0.9975908962365796,0.0014853973830615,8.437149776270967,1.5225554999338935,11.863547747838409,3.5880923837414453,4866.25,4.2395936633192415,73.34941096285507,28
1,30,3.39192930556013,0.29686961932360884,2.4851956352139384,4.19388971043665,1.708694075222712,-0.9289085100178415,0.24762784604719698,-0.9986484518139436,0.0007789005366947,8.429621946088576,1.6278318211595446,12.460832791038596,3.1932760997186254,4836.125,4.2357971958601075,73.3188049218897,29
1,31,3.39128980672992,0.2952361690401796,2.4873308484835266,4.193873318394839,1.7065424699113128,-0.9282275865985665,0.24854364513954444,-0.9987472813404836,0.0029531309094374,8.46306110156025,1.5077728364007719,12.213639136225725,3.475142360561888,4801.485,4.201333107000751,72.73830428398838,30
1,32,3.3932667889977304,0.2935425150923969,2.488620645344286,4.193344395761288,1.7047237504170023,-0.9244391789678553,0.25489687343946904,-0.9988826270225112,-0.0005256589834506,8.459204966688853,1.4601902061371372,11.534784991217848,3.5596691179026205,4760.938,4.150267461192182,71.83844889434515,31
1,33,3.3838600818009588,0.300132596908711,2.476969143594387,4.19356398488292,1.7165948412885332,-0.9270544586298616,0.2506449170321967,-0.9976143324063644,0.003935485078097,8.493224799915222,1.6123028029341702,12.42977502748968,4.2098970624169105,4740.907,4.133479186316174,71.73920534695768,32
1,34,3.3866520851320576,0.2847952352538696,2.4790054948940434,4.142510591712848,1.6635050968188048,-0.9460868598841972,0.21421364012038846,-0.9986321522662404,0.0013319223708717,8.466232868159803,1.6019918965639897,12.428323073625249,4.775052500428062,4914.532,4.384181600740532,75.9206048393336,33
1,35,3.402095154295076,0.29371598293784834,2.479600589435018,4.174381011699289,1.6947804222642708,-0.9356871602351079,0.23485761359161242,-0.9975353876339268,-0.0002233441842078,8.553128334903379,1.5695080246950415,12.48741336421358,2.991070888572012,4998.656,4.42778139862624,76.35025335201243,34
1,36,3.404625504614091,0.2933185117448005,2.46837363838224,4.194961577545829,1.726587939163589,-0.9401469539731849,0.2265649641695833,-1.0005201322759871,0.0012695281459834,8.342818484380935,1.4362904754344386,11.343734065329729,3.566196683913864,4890.015,4.355633408117811,75.05681127998012,35
1,37,3.3977378433240313,0.29649531997602196,2.497016493627855,4.194728577808066,1.697712084180211,-0.9395699773936357,0.22755080461637311,-0.9990584594637684,-0.0009374158672241,8.481468325698998,1.5752417780724366,12.641653349352346,3.9654482406023286,4842.11,4.301521555111568,74.28452374313893,36
1,38,3.39454078926717,0.29804597856074916,2.4751740867556524,4.194123941573546,1.7189498548178932,-0.9358360923749524,0.2346607841038261,-0.9979572313546616,0.0003264313426998,8.425193812256257,1.5826795687603072,11.969937687736325,4.010988203962544,4798.281,4.240573583189137,73.31627401327415,37
1,39,3.397135252361952,0.2925306083331327,2.499811739255094,4.194413177433493,1.694601438178399,-0.9347239037948782,0.23619614896724136,-0.9985176632293312,0.0005256253294342,8.471726206300676,1.450186068577562,11.438399477589398,4.084968320103996,4739.188,4.185429793575514,72.32843355239493,38
1,40,3.384557786350807,0.29580136996824413,2.494550023378076,4.172002506353698,1.6774524829756214,-0.9317054169779714,0.2418741231056701,-0.9982543809866457,0.0001590290103144,8.510483818712029,1.5885356717377939,12.144441411939049,3.9831252854963175,4733.156,4.150060221650666,72.00166335724238,39
1,41,3.38207924956575,0.3026814490144442,2.477337702429082,4.194068049662567,1.7167303472334852,-0.9431234654151266,0.2207176473722184,-1.0001312935854785,0.0011454341439629,8.530222967717657,1.5665628268668026,12.67224284322037,3.6930458679847495,4670.61,4.145938122861655,71.94665849475318,40
1,42,3.3808097620789024,0.3016569393208846,2.478325379623597,4.193464344236471,1.715138964612874,-0.9364521415339061,0.23333900102182203,-0.9979392762794396,-0.0007026344439326,8.420605358837513,1.5679582304789064,11.984785271459067,5.435297825783017,4635.0,4.081552686947711,70.88679224161709,41
1,43,3.382026759648077,0.2980372620985294,2.494831087986124,4.192797311893991,1.697966223907867,-0.9330135422416266,0.23995148344848408,-0.999100265494274,-0.0002550438571568,8.51215713252602,1.634208003877515,12.101959002780742,5.478692708227999,4615.86,4.049996171733383,70.3307770289385,42
1,44,3.376424700878435,0.3016705821365086,2.495678140540268,4.193468094113346,1.6977899535730776,-0.9354455085688509,0.23522562723867915,-1.0171989370447034,-0.0005101948291866,8.54602737861718,1.6383305724401118,12.396974763839234,5.677857210127733,4580.75,4.023469959807494,69.9836386167492,43
1,45,3.3729563491800936,0.29515697073157215,2.4729308126474736,4.16991637056524,1.696985557917766,-0.9350017140200774,0.23603335356093558,-0.9986136164374132,9.016949599716491e-05,8.4485741292899,1.5664502443249688,11.455115215105929,3.7050459332705676,4557.406,3.9967439384569268,69.59062536022907,44
1,46,3.378642488252421,0.29370984683516205,2.494578415325497,4.192396921446495,1.6978185061209978,-0.9345624675488318,0.23699862068650743,-0.9974310644719284,-0.0006963540586541,8.334392904335672,1.6021384892266108,11.39345446641458,5.159198198814225,4524.032000000007,3.971885559812939,69.05462362582355,45
1,47,3.370172138170829,0.303652063611796,2.492546798627854,4.192623205881946,1.7000764072540924,-0.9405823229183861,0.22552268599418482,-0.9979515372361276,-0.0005629866234787,8.548983420432004,1.6650648724591723,12.6352725981059,4.725059619246273,4502.938,3.9709246944747805,69.19048410708048,46
1,48,3.367920943746027,0.3058014554974564,2.4752083843332136,4.1933895299679325,1.718181145634719,-0.940166082376245,0.22634993603002157,-0.9976588428393416,-0.0001304300695554,8.545644001542279,1.6339929285241213,12.45444631401429,5.665895058699494,4483.094,3.949176206521663,68.857814669308,47
1,49,3.3731133787458676,0.3011090441631974,2.4974098896142385,4.192510832064287,1.6951009424500487,-0.9385550163357156,0.229287331013595,-0.9980113940759702,0.0011662045367734,8.530684068571667,1.6360957981724895,12.18400994607025,5.890704367924355,4448.36,3.9129645439161203,68.1887670769758,48
1,50,3.3570684734893477,0.3048112046308941,2.470530852621601,4.1689267149519535,1.6983958623303526,-0.9458548848985765,0.21460302910363482,-0.9999712649338626,0.0009573267451609,8.5880890540764,1.660369439084535,12.849012968534735,3.7052013282607232,4440.531,3.9241948224600693,68.62837704196684,49
1,51,3.3691516897861753,0.29989741492436606,2.4800604125308974,4.191753022543457,1.7116926100125598,-0.9389122330771017,0.22851690515890463,-0.9974683513415104,0.0006540065615606,8.520717953543993,1.5164128228082407,11.44307926801482,3.953811498107669,4416.547,3.886166888881859,67.74620783967819,50
1,52,3.3578225461504885,0.30604915292372337,2.482310382215253,4.192116566565046,1.7098061843497931,-0.9483861774789661,0.20941848624317394,-0.998613125908309,-1.817718980463965e-05,8.509426489984776,1.7650692401986021,12.895633770945397,3.481434780524604,4382.937,3.8852068418180434,67.93384804742264,51
1,53,3.3676285575809373,0.29536760910309956,2.499914991218416,4.192241727517348,1.6923267362989316,-0.9414049088928775,0.2240477623250941,-1.000314056557349,0.0001232987348393,8.454153696786289,1.5794437183027668,11.573902587010837,5.051039247749896,4347.453,3.83409827657707,66.87391354036689,52
1,55,3.372493003925355,0.29208429577264144,2.47468810834507,4.151696493245396,1.677008384900326,-0.9331169601303769,0.23920343787305523,-0.9989815716960124,-0.0003665730682483,8.476574571858773,1.6598041222821636,11.984288635557064,6.003996071186876,4746.5,4.155085227124393,72.33021572525466,53
1,56,3.382136756328252,0.30015562659759226,2.4936019875098454,4.173641970261601,1.6800399827517554,-0.9478477265636571,0.21047072757678253,-0.997917941666946,0.0003730164611296,8.567006275916873,1.649134185095062,12.836265571184011,4.219677428032247,4679.156,4.176770357722922,72.46452866096418,54
1,57,3.383822718764627,0.30387697242722594,2.4794043785439617,4.194390827243979,1.7149864487000177,-0.956443523785203,0.19087029055890006,-0.9980570526982784,0.0001344520751564,8.607327084258758,1.6215332738966446,12.655987301395294,3.9272293914438245,4596.578,4.144342891126707,71.85152433655335,55
1,58,3.3860339727551585,0.29749672800376487,2.495823360233662,4.194161811786053,1.6983384515523907,-0.9528668500629852,0.19964666577170595,-1.0010833967174453,0.0018437228242266,8.707959029152644,1.5833832209905494,12.20963360823446,4.777414924335061,4544.641,4.0840047562958866,70.77398214755033,56
1,59,3.3841395923852935,0.3024543935015258,2.4834980820953168,4.194190653204952,1.7106925711096355,-0.9523529313575727,0.20014303486589588,-0.9969202436286994,-0.0004384389125333,9.003534328496398,1.6076077739573948,12.780134013784457,5.9889020488477795,4526.938,4.063996118091832,70.46580978757285,57
1,60,3.3827771801616184,0.30080225929704657,2.4920392941768497,4.194292935889806,1.702253641712956,-0.9518066439769568,0.20112257347057627,-0.997543073671386,-0.0004484848166033,9.02852617906244,1.5894688580148084,12.658108002877777,6.040095345944521,4487.438,4.024152145256463,69.812006891039,58
1,61,3.364536091766799,0.29483143895051134,2.488243242390158,4.146356741131726,1.6581134987415678,-0.9517057744990748,0.20071378758700925,-0.9975286494682144,0.00052949767458,9.027729535660669,1.6957056961145582,13.24936801902594,4.672680122248595,4513.312,4.025782962171218,70.21378580252966,59
1,62,3.3787603150369994,0.2990127373018747,2.498187334581169,4.172368631167838,1.6741812965866685,-0.9457722537487265,0.21395598880372582,-1.006932903094604,0.0003941574290999,9.071608131387514,1.667928256038043,13.102537521023756,5.353418370636043,4568.438,4.064930675020715,70.61059169997678,60
1,63,3.38042492580436,0.30269751059629774,2.4982213366801296,4.193697451503613,1.6954761148234838,-0.9517682668620395,0.2013263955281193,-0.9983451614477944,7.08459253948992e-05,9.050284055951,1.639243771379131,13.019156020970016,5.997068036783224,4499.656,4.032402266208716,70.00453516718257,61
1,64,3.3757552328187086,0.3049335326273056,2.4715997205282143,4.193432136090228,1.7218324155620133,-0.9577750037054298,0.18752291258874051,-0.9976242692758268,0.000615167333268,8.986064263951343,1.6035610986114406,12.612257184300963,6.156874107031637,4430.984,3.991212180086739,69.3778407696522,62
1,65,3.3744651760728988,0.30380763925441956,2.4972991957929973,4.193707973256604,1.6964087774636067,-0.9541869981546398,0.1960805400429566,-0.99985435313252,-0.0003321210116835,9.036875447987502,1.648459583972686,12.968805846071126,5.996154499018179,4411.141,3.9565963116150704,68.81564900264607,63
1,67,3.3850807989789566,0.2943106425694348,2.475863858583421,4.166980224197571,1.6911163656141501,-0.9269695970852067,0.24930925435695764,-0.9974759876799106,-3.813511310859022e-06,9.095394308322597,1.6488277738812336,13.123905320087225,3.4478990481480594,4883.312,4.263222730425775,73.92959373181989,64
1,68,3.3900890450634233,0.29987410018055277,2.482088014003299,4.175112042490111,1.6930240284868123,-0.9526683776410486,0.1988089079474642,-0.9988968847011238,-0.0001390443080429,9.009063913586548,1.6429527063403204,13.179418154583676,4.217408612251702,4663.907,4.1969416649108355,72.61881033868441,65
1,69,3.3919885847746993,0.3011477715416912,2.484545959502679,4.195168632438667,1.7106226729359877,-0.9591403423116251,0.18542050058463108,-0.998023029768851,-0.0005129100273384,8.958051495293551,1.6480219628296322,12.742282067813369,5.768570127844088,4581.328,4.153751480711932,71.83810227452202,66
1,70,3.3862399608298266,0.3037794935918173,2.481724014979985,4.19482784099826,1.7131038260182745,-0.9554277687381623,0.194007805875634,-0.998068559065162,0.0004742870029912,8.972563208541265,1.7187885476729834,13.23162562344335,5.00740754902412,4553.031,4.104697344638632,71.11762320977407,67
1,71,3.383817098626054,0.3051150553507353,2.475682459777723,4.194470276921028,1.7187878171433053,-0.9577201485364993,0.18733223221408007,-1.000419995099013,-0.0003259377086496,9.037146843138395,1.591575731195991,12.857920538298638,5.96753241326192,4486.5,4.051745529584168,70.25771973362005,68
1,72,3.3818846696550433,0.30111269804110674,2.4992087242533025,4.194180006661532,1.6949712824082295,-0.9573123780210179,0.18833060211560623,-0.9976414843513568,-0.000238815255792,9.009035929017505,1.6344188150021928,12.67528068575023,5.814399243181367,4450.625,4.014765260913163,69.665834338977,69
1,73,3.3507147228969534,0.3835508485154758,1.990881848788414,4.203467627142882,2.2125857783544687,-0.6795680439600006,0.47042785815166455,-1.009116495266992,0.0041584406200841,9.485217152757082,2.5227421359719293,15.71039018923076,-1.2395044925905738,6436.141,3.9162220133643753,71.0931496134285,70
1,74,3.343710562419324,0.3953842527196791,1.987597263698,4.16699885717682,2.17940159347882,-0.6847946624076122,0.4683194671635726,-1.0087426406516653,0.0026935510429979,9.412485833762908,2.584883711460939,16.327881769438125,-0.26381520883990994,5650.265,3.465636899218774,62.94979734140862,71
1,75,3.357113032625278,0.3996993218277445,1.9885380767186824,4.187894400053388,2.1993563233347055,-0.6646163130202214,0.47574719973963786,-1.0090556479293218,0.0040609236498241,9.14441346005273,2.6254724507521754,16.190453016227536,-1.451944330876123,5590.907,3.3289532352699633,60.451694666931665,72
1,76,3.358646172572514,0.4037204554586566,1.969241613952096,4.188401226248918,2.219159612296822,-0.6509315601298676,0.4801958666646293,-1.007865061542852,0.0020631851299733,9.074180330499932,2.7297916273475806,16.44564599364816,0.3473388763718459,5543.61,3.2215702037779463,58.673306391708856,73
1,77,3.3660643885240518,0.40023479460797123,1.9830542841988097,4.188303916193977,2.2052496319951675,-0.6402275004489041,0.48340176089459336,-1.0092390728045402,0.0026205512748727,9.063698357219925,2.740023718022706,16.652821920677077,0.3875966265476807,5499.046,3.143913761639466,57.24277605129823,74
1,78,3.367910347978234,0.4026658132120647,1.980464521626357,4.18828020412361,2.2078156824972535,-0.6317025380405665,0.4856686347058002,-1.0082097757590034,0.0017744562260127,9.076577071060372,2.765272820655414,16.626045153527933,-0.07944191407838463,5461.219,3.0740008030225137,56.08856595841696,75
1,79,3.357745333360116,0.40437548661670575,1.9822192378370669,4.115223647482973,2.133004409645906,-0.6176226155232352,0.4891897369881987,-1.0081874076413238,0.0028605305220047,9.265023738219778,2.728837258467843,16.231693733501764,0.4897060756903242,5451.281,2.9706775174483657,54.73451196854526,76
1,80,3.3696607473704705,0.40001556805694966,1.9987122390470569,4.166319111887713,2.167606872840656,-0.627554191403777,0.4867951066867667,-1.0098943079946223,0.001683594803478,9.339350112299787,2.6900360640640493,16.185673883928935,0.7400718336117214,5468.062,3.053603361463492,55.77891557444373,77
1,81,3.3747312015520436,0.40876678928372456,1.97927314966301,4.188858082816243,2.2095849331532333,-0.6227956362441027,0.4879953621746443,-1.0088447706775023,0.0038249849844233,9.308634523153344,2.740374088539349,16.52621032903044,0.384446287486111,5411.297,3.0016799414433293,54.79906305871541,78
1,82,3.381799182114607,0.39834424614079716,1.9640518711887227,4.189052979187811,2.2250011079990886,-0.6164358149352739,0.48947509621307744,-1.008540571989902,0.0024832460313617,9.254145206672922,2.5717221526383387,15.196414604557985,0.46986657458180225,5369.703,2.953484356858143,53.815494022030016,79
1,83,3.385176591409285,0.4018441407241525,1.9965583229383292,4.189280705297697,2.1927223823593676,-0.6124951744838439,0.49042715472167997,-1.0084157672653469,0.0032898503551375,9.291749311540086,2.7268831366103976,16.354435553014117,0.4472706337130683,5327.406,2.908427776428305,53.02676425962199,80
1,84,3.3813096388474886,0.4006633805500128,1.9676140964966768,4.189527524041756,2.221913427545079,-0.6120748119063896,0.4904706001912369,-1.0088566807748427,0.00312380804938,9.310447961834724,2.6193108778997343,15.57016420519042,0.4862208718459593,5299.266,2.8886148142629136,52.72538485959788,81
1,85,3.3490369985986668,0.4081915634168042,1.98770164017674,4.097057578524458,2.109355938347718,-0.6158982943710155,0.4896032611018663,-1.0080424431902402,0.002588393021855,9.29775486780575,2.804775491149608,16.481904111846188,0.1423043262562862,5367.172,2.90336393765247,53.75965365823161,82
1,86,3.3694542187312684,0.41241773704821716,1.99572402940065,4.166427487441078,2.1707034580404283,-0.625377064856349,0.48716434806386366,-1.0087189699625896,0.0021632241350814,9.245632947295453,2.8078600847369515,16.686364651804713,0.8264459820829346,5406.812,3.0016978544503896,54.96098805086894,83
1,87,3.3771129586319466,0.41210253018594595,1.9723902186884,4.189116912804917,2.2167266941165176,-0.6180221346577055,0.488987024062316,-1.010914036070883,0.0022168278687869,9.21860683892004,2.763978003175536,16.527315358470222,0.8216507772708646,5353.094,2.9437846169055613,53.788189607084846,84
1,88,3.382104218416538,0.41002837132421227,1.976007577264544,4.189394418073402,2.213386840808858,-0.6121745879630046,0.49033462325023375,-1.008249683063318,0.000777901246224,9.19413015419709,2.7388424066505217,16.325076195754107,0.65343054350366,5280.031,2.8773385187070533,52.55603444102418,85
1,89,3.3859954600090036,0.40911910559817166,1.9786838559411903,4.189251613691141,2.210567757749951,-0.6064321892488668,0.49165889192459655,-1.0084247134366529,0.0025472189567085,9.188267060937262,2.721197203135184,16.18780234880546,0.02747853492571206,5248.593,2.8319830932960506,51.731030382983455,86
1,90,3.3830345538672018,0.4084565890567944,1.9866467601774969,4.18999236240837,2.2033456022308733,-0.6063996219926951,0.49178677014533234,-1.007946613751651,0.0020000740940098,9.211910760834266,2.7700981410251804,16.54868871782283,0.862210937375516,5203.375,2.804433224555617,51.288212270776356,87
1,91,3.37881379914347,0.4060283053107908,1.9915335628511552,4.165973150657214,2.1744395878060585,-0.6022530715841198,0.49249543578006794,-1.0076971244709267,0.0021407378575631,9.15685740939557,2.6538741181496257,15.893386512216576,0.5709468271534259,5166.812,2.753905669298891,50.54402237224408,88
1,93,3.389059266953008,0.4195637021739833,1.9935644864605024,4.195641973763218,2.2020774873027156,-0.5861859230293525,0.49546179821640896,-1.0082380238297786,0.0031552043724057,9.104538013834128,2.7891257506959946,16.273556126855052,0.4822526592480578,5340.281,2.76533983324744,50.863502990329025,89
1,94,3.3783919657677504,0.4122571167675055,1.9937078109097683,4.189381114418313,2.1956733035085447,-0.6037251705699035,0.4922168714724633,-1.008015294958034,0.0035803388253716,9.196243634400288,2.746801870682156,16.57769275391533,0.2179850936134331,5103.0,2.728497566342504,50.08002295661056,90
1,95,3.3779346242690624,0.4158258492933414,1.984098818516829,4.189726548094093,2.205627729577264,-0.6039804007945984,0.49225545320139286,-1.0101830059414636,0.00206611726685,9.224293881462565,2.740434045357905,16.451931737613187,0.19864086781494894,5051.172,2.7008532801591274,49.597154903980055,91
1,96,3.3727225247575885,0.4124764973030113,1.9818309446595743,4.166289777836687,2.1844588331771133,-0.6017545658130975,0.49268252065995893,-1.0094830851519123,0.0033448013063438,9.239291915944644,2.7468114358245015,16.660404158556567,0.5621832434156362,5027.563,2.671646217121399,49.19485187418019,92
1,97,3.380735960428841,0.41062335209099493,1.9984963466197727,4.189756191273931,2.1912598446541582,-0.6038091172028306,0.4922624959793883,-1.009270147494984,0.0023863724933932,9.220514425854448,2.719800260594279,16.192781213892964,0.19057788355638383,4993.765,2.6744091954259295,49.04504037267972,93
1,98,3.3889133424072204,0.39915210082458596,1.9886589228929203,4.1890449974281685,2.200386074535248,-0.6004829437675547,0.49293990141014526,-1.0108313950708208,0.0184243000033057,9.140591023627803,2.5250021430694405,14.742856005940368,0.16942829405409743,4962.469,2.649133637605219,48.44338889389413,94
1,99,3.3855430731736647,0.4005606692330707,1.983664414073366,4.189274783071479,2.205610368998113,-0.6033075067931543,0.49233270795178635,-1.0080797400452108,0.0026329564585224,9.05273466167465,2.549981190454562,14.693521549329,-0.12356071759622633,4907.859,2.628477194030785,48.131270949417036,95
1,100,3.375688256474184,0.4129302136006311,1.9705703151314151,4.189518201774546,2.218947886643131,-0.6065620900458145,0.4915839625149346,-1.008906381541965,0.0031568899849536,9.311519157220646,2.663189590472588,15.86983818237976,0.6782381585902435,4888.656,2.624136176718446,48.217108042793086,96
1,101,3.37794278508875,0.4040235589370315,1.971779249329659,4.166301702021804,2.194522452692145,-0.601440239072105,0.49264958503124523,-1.0084556602023516,0.0025149295410125,9.167853966731156,2.5650480445372694,14.829662137922766,0.09860920431839659,4866.25,2.5867566318483686,47.56198342084386,97
1,102,3.373558298075209,0.4152537030221347,1.9938420365930107,4.19002918934191,2.1961871527488994,-0.6098007335968902,0.4907888490698482,-1.00994980914745,0.0103940145975654,9.287848514483294,2.6313040288481173,15.906462051621896,-0.0986890482753493,4836.125,2.6089581654915133,47.95927316097557,98
1,103,3.368742642573582,0.4164636746020461,1.9993629637641337,4.1895524054233135,2.1901894416591796,-0.6120661413012833,0.49040268953106897,-1.0082413706235676,0.0027369247266208,9.322184761530549,2.68499458389965,16.353770501511462,0.0001029326561070576,4801.485,2.5973116179531366,47.80607961302451,99
1,104,3.3718000664169727,0.40647557295300696,1.9932756058141663,4.189008492340535,2.1957328865263683,-0.6132829070943792,0.4900523274579309,-1.0081786693703223,0.0022824989831722,9.289681276195049,2.572054650479302,15.076528277493722,0.09431135895763276,4760.938,2.5844998478084467,47.47949174301213,100
1,105,3.366360304166582,0.4193001878532025,1.9801057444800891,4.189696962609597,2.209591218129508,-0.6139518980958842,0.48993322368202613,-1.0080303326541913,0.0017200644756042,9.365909184464234,2.629459814461655,16.045850353764667,0.8152597242436759,4740.907,2.571169204254496,47.35808158612647,101
1,106,3.342277843498783,0.42221338916105466,1.9944009127947364,4.0900107068393625,2.095609794044626,-0.6004805193877815,0.4928693970102708,-1.0082541248682169,0.003281968818594,9.328022708662925,2.8142727716486364,16.24823467681854,0.401327953121684,4914.532,2.566229527491437,48.0294819288727,102
1,107,3.3722684174392836,0.4168976828857538,1.9913126738513705,4.166284738890519,2.174972065039148,-0.6129419979147948,0.4902047605441924,-1.0086099504503174,0.0040584792166298,9.373114023056761,2.60100868510782,15.761879553141288,-0.5896030838242563,4998.656,2.7089552212084453,49.83146071646684,103
1,108,3.357634548884028,0.42399584720889455,1.9818085465777888,4.188598948796885,2.2067904022190965,-0.6242152942509949,0.4874545741252204,-1.0089146761829488,0.0095453547153255,9.306835708093752,2.7353922283584806,16.349393593197068,-0.3334840454157151,4890.015,2.693388811060704,49.65806068933349,104
1,109,3.3697954619483568,0.42055358082005717,1.999993313622792,4.188722662834883,2.188729349212091,-0.6139171694764338,0.49004787906561065,-1.011018341220977,0.0105408291411815,9.339526786032339,2.6881940401739683,16.22246271510604,0.04945705080914209,4842.11,2.628692879662383,48.367546288547985,105
1,110,3.3766733742445987,0.41051357014573464,1.97465958029416,4.188679542275547,2.2140199619813865,-0.6092419901647167,0.4910075886950892,-1.0088132806643768,0.0029924405030635,9.1327535688995,2.5507492875930438,14.780023826016944,0.06300263507636394,4798.281,2.5912002705746646,47.596218910421086,106
1,111,3.356692310359256,0.42416674488782047,1.978180955008712,4.1894790557667125,2.2112981007580004,-0.6214369612467493,0.48832500778595767,-1.0088474838548318,0.0029473890862176,9.343849839453913,2.685502783092167,16.357147782799643,0.22130670001795671,4739.188,2.595500545657148,47.91320810409307,107
1,112,3.3716599583869122,0.4138661949104426,1.9845097801200728,4.165443751495042,2.1809339713749694,-0.6049628311237817,0.49186468886614965,-1.00822558167956,0.0014227153872084,9.257582649630315,2.5752024984974864,15.304013119865168,0.20597342428089682,4733.156,2.5260583143586306,46.58077923875419,108
1,113,3.358461612325261,0.42639024124118863,1.9921664972023336,4.189848639216605,2.197682142014272,-0.620638817556179,0.48843399549605593,-1.0089040108456189,0.0021258981792014,9.38425161776499,2.691973958294032,16.298057069520368,-0.32646815965346043,4670.61,2.55453860413581,47.17226394790699,109
1,114,3.3733153872943236,0.411931533314803,1.9991203083414104,4.165425573897933,2.166305265556522,-0.6013875939812509,0.49262821396889,-1.008891006761111,0.0045890100156517,9.144982402264807,2.544527713252722,15.088230300481198,1.3603971953403224,4635.0,2.459115646510488,45.354589529496195,110
1,115,3.367632771675607,0.41657832601534267,1.9790832878431532,4.188987638858462,2.209904351015309,-0.6146269558442435,0.4897505261408963,-1.0086883164534273,0.0020919769192902,9.26257479341655,2.5944575511165398,15.201775291002932,1.3681182280162822,4615.86,2.5058255488381587,46.17114358514163,111
1,116,3.363321307304569,0.422272953624553,1.9986367632788744,4.189580414945199,2.190943651666325,-0.6171094630530605,0.4893489672784754,-1.008109937595666,0.0023384613567834,9.40011028670591,2.6262915823067563,15.820509282900383,1.690040572286497,4580.75,2.4934984576037014,46.007788541988916,112
1,117,3.346491714827562,0.42214357813554665,1.9713723245890475,4.16611714089707,2.194744816308022,-0.6209228615247188,0.4884034144914111,-1.0087699262516547,0.0033870767217086,9.419332811255556,2.708851017905638,15.58071439830652,-0.3212694979957895,4557.406,2.48140413934041,46.05847513938894,113
1,118,3.3599039237162853,0.41362887374946794,1.98430560045228,4.188826402459722,2.2045208020074423,-0.6204303388657685,0.488546874483951,-1.0089150089693268,0.001529086850489,9.207828068558017,2.6491933363924365,14.525034072927795,1.0085137437930936,4524.032000000007,2.4746724071792054,45.683031755540796,114
1,119,3.349639562276425,0.43047217671665805,1.9946795397137125,4.189296725569063,2.1946171858553507,-0.6244948594173985,0.48737805939480133,-1.0103825696902464,0.0068739783247632,9.478974220669317,2.6591373484312735,16.256345838594637,0.5215601853344847,4502.938,2.4716511256420506,45.79243068198704,115
1,120,3.352423027875088,0.42948921748226,1.9789936656967484,4.189791506946971,2.2107978412502227,-0.6219881914832105,0.4879743523456259,-1.008360553211059,0.0042951494422802,9.37536325812961,2.6515733922370854,15.916519503570711,1.2639611114605254,4483.094,2.4516701838977766,45.40059010515964,116
1,121,3.3563090390508155,0.4243089104106655,1.9690947658783289,4.189224626327275,2.220129860448946,-0.6249048536030644,0.4874170452799586,-1.0094489912636213,0.0041238708361581,9.348977069227304,2.5643034198125805,15.322696472607957,1.5383977480637911,4448.36,2.4338385030251746,45.02332427584809,117
1,122,3.340602870094091,0.4318667144643051,1.9951107736579323,4.165757111360098,2.170646337702166,-0.6235638134980177,0.4877958772426371,-1.0088647594062352,0.0038883550610247,9.539830147989116,2.709148318277686,16.435471374813734,-0.6073763329461315,4440.531,2.4222886862282076,45.09036362510662,118
1,123,3.348511229053965,0.4215414528368804,1.965197509539028,4.188761935596181,2.2235644260571537,-0.627718646983615,0.48666145551939943,-1.0085879672096902,0.0035221405764743,9.436879605277216,2.6025747858474753,14.7528730574534,-0.3433644278638459,4416.547,2.4391289151224984,45.15100430950346,119
1,124,3.3328844784891074,0.43473899515488995,1.9820270227741767,4.188802708146619,2.206775685372442,-0.6340722598435242,0.48488412192705393,-1.0081206341074491,0.0008969412858814,9.4879310296259,2.7476623457765417,16.57328291132994,-1.0500434814672586,4382.937,2.432138407049888,45.26873445204732,120
1,125,3.3518219079975298,0.41820342712286684,1.9731005832473116,4.18882331762149,2.2157227343741788,-0.626972097350462,0.4868313640301289,-1.012324540932804,0.0023494646636072,9.300314416191522,2.579916102611295,14.528444176948046,0.7286411369386645,4347.453,2.399673017224836,44.396090915010014,121
1,127,3.3368580984170784,0.42539364389148215,1.9759474231215743,4.087899947377259,2.1119525242556842,-0.5857626315966499,0.49551690280609645,-1.0083299001575527,0.0031132594070846,9.254842453288928,2.890730866463376,15.05093934814998,1.7949459669185428,4746.5,2.39827320119566,45.255321840725664,122
1,128,3.339305489603821,0.44360092473166657,1.9944210992064384,4.164689190245494,2.1702680910390555,-0.6234849422351091,0.4878056565108835,-1.0094473741371577,0.0028084398017307,9.58411609363967,2.839863433467297,16.878888140585346,-0.01609238385028,4679.156,2.5465184020066576,47.48653683007228,123
1,129,3.339570448565296,0.44580086790729995,1.972391693643957,4.1883794105875705,2.2159877169436135,-0.625755737381111,0.48723923571582056,-1.0100876092585305,0.0011774461309377,9.566905713744635,2.794371784948531,16.752865016509336,-0.9020265549425588,4596.578,2.51655850976316,46.847189021790065,124
1,130,3.3451677206996573,0.43930891860501536,1.9932621672542288,4.188367290905127,2.1951051236508983,-0.6206303941303277,0.4886410388334237,-1.0110407655502038,0.0082371248157963,9.486246140892044,2.748601966606968,16.630725230629476,-0.35164752997514803,4544.641,2.4715596375369753,45.95502843782663,125
1,131,3.3544794166161487,0.4308280846348997,1.9848873247448808,4.189241965038727,2.2043546402938463,-0.6149058946531849,0.48976691791138827,-1.0078016297171766,0.0026008145354801,9.492943245052498,2.544810179329354,15.270710849004711,0.6866211947588248,4526.938,2.44524885704547,45.3387564726725,126
1,132,3.3411905698302573,0.441027346309686,1.9683654551310577,4.189229122156955,2.220863667025897,-0.6208754134190153,0.48840080908120426,-1.0081100082305772,0.0034922040304121,9.621291466671476,2.655077018956857,16.438070093673065,0.9402221143317258,4487.438,2.4382846308093824,45.38739489295095,127
1,133,3.3372444928972818,0.43514833284256044,1.9924043536128275,4.106243161598799,2.113838807985972,-0.5953707956325988,0.4937010114900618,-1.009973121232977,0.0052143657277276,9.480811280043975,2.668706720576031,15.659914658719188,-0.8245757439424359,4513.312,2.324120828519961,43.773149264028646,128
1,134,3.3510332188429146,0.43144453517213394,1.9776141524479487,4.132596928052376,2.1549827756044273,-0.5897510821772117,0.49476665047604446,-1.0110530492189724,0.0036321606387848,9.448949676434,2.5887085007471473,15.265721279585906,0.311556607422693,4568.438,2.344144486314564,43.87715578737159,129
1,135,3.3573066817086326,0.43243595684153674,1.996982635601323,4.18912672162077,2.1921440860194474,-0.612901822920554,0.4902168648146,-1.0077262022738762,0.0033758699211236,9.522656892771677,2.519195217292027,15.459947276103474,0.6814482658056171,4499.656,2.422879991854705,44.94091242681783,130
1,136,3.3367004271481884,0.44586633305242196,1.9822999400765693,4.18937088770508,2.207070947628511,-0.6232202673264151,0.4878683025512172,-1.0088787623235531,0.0067443266719384,9.570096566546104,2.653406184068177,16.472719613709117,0.5879821949976947,4430.984,2.412017019044377,45.00005996221974,131
1,137,3.3507625069372007,0.4363658847129575,1.9703495135592828,4.189359078886884,2.2190095653276014,-0.6137007803105949,0.4899495025676609,-1.0075105897625538,0.0021298336691764,9.488568418373822,2.527085954572064,15.321947787344948,0.47896632942974193,4411.141,2.3725244281043154,44.1147722965584,132
1,139,3.3452602996349197,0.4386949639606151,1.980504790064301,4.107093365455889,2.1265885753915885,-0.5721341781091527,0.49743233378333473,-1.0068312874472778,0.0039482056686982,9.378195494421618,2.7516700116159587,15.469187485474004,-0.7758478446888484,4883.312,2.4061056387407245,45.487176231567915,133
1,140,3.3478192813331984,0.4468777181665032,1.9754246490329652,4.165486716481237,2.190062067448271,-0.6067408181545574,0.4912123891424891,-1.0077613985685372,0.0029679009691201,9.495184531517388,2.646099776954671,15.90915813248566,-1.2101367155511626,4663.907,2.468043088038878,46.10466049328871,134
1,141,3.3500352436555985,0.4490587941202833,1.9843068510361204,4.189250217496488,2.2049433664603675,-0.6091205801279866,0.4909475346893865,-1.007878767792016,0.0007108600663282,9.474914433741436,2.70809147223716,16.128312311530546,0.032846894749123834,4581.328,2.4377722626047698,45.45090741751237,135
1,142,3.3590566596536764,0.4422843518469912,1.9881721268958945,4.189075663187289,2.2009035362913947,-0.5996804433722752,0.4931125308328202,-1.0110523170001116,0.0029065483868985,9.411639640493867,2.622232182322149,15.803292200329722,-0.5697525838373165,4553.031,2.3897982955014556,44.49039878486396,136
1,143,3.3495911750877263,0.4435071876936871,1.9809529177782503,4.189728966453982,2.208776048675732,-0.6062605227298314,0.4914724738180639,-1.009350303830025,0.0080440702868591,9.476832839675836,2.609731270181066,15.46350630780127,0.2598026003001763,4486.5,2.3767907094214666,44.329947071522945,137
1,144,3.3462597198775272,0.45099308756754436,1.9697892783360584,4.189240671585531,2.2194513932494724,-0.6055249640579493,0.49177748359191076,-1.0077970558442526,0.0031363187482987,9.49822266009937,2.719621872918208,16.26952559815265,0.23265995538540984,4450.625,2.349540799417883,43.91504075492678,138
2,145,3.4658606296374312,0.25195309750600897,2.6876065414465464,4.223690952621402,1.5360844111748553,-0.9275960004271296,0.2530192929066826,-1.000740182998641,0.0030094754164111,7.9114909421254485,1.2264637876449498,10.85194413164328,-0.2744000276115566,6436.141,5.7563524218003606,100.0,1
2,146,3.4593246298099665,0.24532063703018747,2.6835427959445024,4.161851896835355,1.4783091008908524,-0.95963764625613,0.18858327021435203,-1.0008913420360177,0.0007031704374309,7.958927971485882,1.0672069434816003,10.829468947828506,2.5925825719579825,5650.265,5.224072277146357,90.93864811559328,2
2,147,3.4552294701778714,0.2518900375063333,2.6769979855651798,4.175466417206107,1.4984684316409274,-0.9640819411783536,0.17774220043242087,-1.00468755228754,0.0001257646898655,7.708927821830712,1.2879129720968239,11.053444137693344,1.0451193482194538,5590.907,5.186644817819354,90.40960533046643,3
2,148,3.4575807060974952,0.24561002644308652,2.6934384147921957,4.174693750587349,1.4812553357951534,-0.9590403279797144,0.19067785615388091,-1.0003370114328405,0.002484352078282,7.711890755969547,1.2102089217830143,10.582379295049948,3.359074958548913,5543.61,5.118125472491695,89.16931335920634,4
2,149,3.4576403855897397,0.24646557167486038,2.6967591738883163,4.174741021763634,1.4779818478753173,-0.9561581387967848,0.19727097134130908,-1.0024109953994933,0.0017833078818055,7.733691649876036,1.1242487774403558,10.227762694291696,3.411309683492373,5499.046,5.0605702737713685,88.17832769405555,5
2,150,3.4540569996464043,0.24694271619528063,2.6855475478766424,4.174511213058054,1.4889636651814113,-0.95562492940014,0.19810594521172506,-1.0007359400857092,0.0002502113009859,7.713793706750157,1.175117210241405,10.448166696977866,2.6492802136670965,5461.219,5.01744262448878,87.52154760317528,6
2,151,3.436367401137892,0.24577171703518763,2.691750203742161,4.14121689573938,1.4494666919972188,-0.9577937939731281,0.19288452028687408,-1.002031773364646,0.0011796550269873,7.8513931260036465,1.3170088391967765,11.087645565750543,3.772955093283411,5451.281,4.994783380477559,87.56877105522753,7
2,152,3.4466304878843594,0.24987804627803933,2.689384375743919,4.158004815622747,1.468620439878828,-0.9502347980955429,0.20954408353936832,-1.0007316751284792,0.0020322605199551,7.905320525605018,1.1083306169357297,10.331525897326843,3.478218932866021,5468.062,4.9836570312693835,87.12619593771053,8
2,153,3.4469353939775913,0.2497423904620442,2.6855540838129546,4.173957792716822,1.488403708903867,-0.95236200437101,0.20557482082239228,-1.0005511265640192,0.0034991088461236,7.847675607740912,1.1928812094270071,10.695473118282326,3.4447798852463425,5411.297,4.943866212614181,86.42387370137318,9
2,154,3.4438356242957933,0.254367199882586,2.689152622424136,4.173757067290182,1.4846044448660454,-0.9494102232020358,0.21179866610371736,-0.99971357088635,0.0024035681930929,7.926506175979814,1.1304655719210586,10.588614300598088,3.228318544007152,5369.703,4.885320049397578,85.49143261285532,10
2,155,3.4417182002819104,0.25162154553833815,2.678956108681276,4.172904801080625,1.493948692399349,-0.9492095088363941,0.21294534399893103,-1.0019089598735609,0.0016393911719587,7.937097401174621,1.1705662583466252,10.7107611721746,3.5222883143039505,5327.406,4.842510892885038,84.7973269383404,11
2,156,3.439456123966976,0.2546017828031505,2.688287422782237,4.173032965850683,1.484745543068446,-0.9438502376761829,0.2240464631245583,-1.0010368726226484,0.0026758903873933,7.9661274485105595,1.117069269793415,10.52686289722462,3.062941641490583,5299.266,4.785051930806761,83.86759324341332,12
2,157,3.4300387550398135,0.23952805169522504,2.680621623320638,4.133304141515335,1.4526825181946972,-0.9514090951270098,0.20697823863880527,-1.0014340929938248,0.001095210798971,7.886742523689043,1.3410644353179975,10.680714357791624,3.567975825654564,5367.172,4.875051577741925,85.63956196994688,13
2,158,3.442487347026378,0.24488096526774095,2.693587841641054,4.156655311996452,1.4630674703553983,-0.9441558237541219,0.22239992565486777,-0.9997588632259335,0.0020320180393504,7.810373532807223,1.1989575952733023,10.479304841863389,4.204661542858284,5406.812,4.889351797768081,85.60177588119642,14
2,159,3.4434500367152183,0.24869578491964917,2.6905447145318244,4.172913024979518,1.482368310447694,-0.943749133811343,0.22368118987389524,-0.9998144854501804,0.0012058996227724,7.869709498966687,1.179398500620672,10.378581035006627,3.9193994925147857,5353.094,4.8392666199324585,84.71038504149685,15
2,160,3.4369770767738053,0.25196265330211914,2.6889512479861937,4.172334722190024,1.4833834742038308,-0.948030574788209,0.21490183197012092,-1.00055829140422,0.0018081909218465,7.873285917762758,1.2478342008092194,10.851484720266557,4.19210119518795,5280.031,4.7867995091044095,83.9477446711552,16
2,161,3.4351167375068576,0.2519284998944136,2.6767423992621824,4.171533861821569,1.4947914625593866,-0.9424402883201639,0.2262112273750109,-1.000296719098956,0.0018186296784073,7.888295790156799,1.2422427107125336,10.70498211965856,3.293846874431628,5248.593,4.725971266022117,82.946441344588,17
2,162,3.4352880614818906,0.25130097980516464,2.692752260117709,4.172113180559959,1.4793609204422502,-0.936561624298611,0.237575778958578,-0.9998388108585378,0.0029459229003412,7.90514873318139,1.1377270680703202,10.26828159930382,3.49931423360709,5203.375,4.654059053640754,81.71437624970046,18
2,163,3.426473499744202,0.2530962723377127,2.69610071870072,4.152547964911409,1.4564472462106886,-0.9359740520534714,0.23876233943624456,-0.9997539612146188,0.001847873095543,7.9278743808781424,1.1395089610236113,10.42028909453994,2.9627918177370836,5166.812,4.605212746614256,81.08331823803012,19
2,165,3.4231723044699156,0.258997634394945,2.6813752744142234,4.176821150785954,1.4954458763717304,-0.9249433480673207,0.257977279995139,-0.9998450687021054,0.0028257148701018,7.950376644939932,1.2331609054770682,11.025933551300648,2.518001668042027,5340.281,4.696330313358121,82.79369093422054,20
2,166,3.428797713311107,0.25322576989742407,2.6946752970811247,4.171686901258687,1.4770116041775618,-0.9296783941589581,0.25013667293325564,-1.0005731202327626,0.0018603393207839,7.891054732187375,1.0944994834361739,10.196289899952207,2.5214309118468456,5103.0,4.518947433321346,79.54162118476148,21
2,167,3.4246615589655973,0.2525508496697396,2.6954700046169733,4.172000465131976,1.476530460515003,-0.9340469067277114,0.24217789759612865,-1.0035187304131965,0.0030002151765806,7.911933312913009,1.1755892543512794,10.67776116366158,2.654258120421618,5051.172,4.489940962506668,79.11456234352104,22
2,168,3.420260120001828,0.25192265264865377,2.696945913635699,4.151092092342163,1.4541461787064636,-0.9282929869770825,0.2523638809237207,-1.0002204688393834,0.0027748871456291,7.9731250548171255,1.092366483354195,10.197605675555666,2.8354099250059868,5027.563,4.433682068621726,78.25527574763433,23
2,169,3.4176468335228454,0.2562846354511761,2.678219557836974,4.171107672675929,1.4928881148389554,-0.9361639727698597,0.23869442919435646,-1.00063095764688,0.0044641721580971,7.988820643678426,1.171439911339507,10.817583822184044,2.800589563765059,4993.765,4.441095679205919,78.40580065240569,24
2,170,3.4172601086559014,0.2585062978491375,2.6929901554909765,4.170406220123355,1.4774160646323784,-0.9299928998106647,0.2494670865631256,-1.0004747296268892,0.0031591188266176,7.990220402102304,1.1494312573651864,10.516072793190034,2.616002558995934,4962.469,4.380551074736058,77.38735713784556,25
2,171,3.4115448650857543,0.25959572491808997,2.684969781882089,4.169460748536267,1.4844909666541777,-0.934806579329965,0.24114972280677072,-1.006586673096361,0.0020541121597789,7.882690956878554,1.3215562292169203,10.549697060839051,2.5301364535788746,4907.859,4.348848524361624,76.94550733746486,26
2,172,3.4065891490442124,0.2618998761764979,2.6836073579697186,4.170165006607723,1.4865576486380045,-0.9370645194852636,0.23669459127928483,-1.0026150245180556,0.0018647317692802,8.054682377673142,1.4012611844629617,11.262651366620426,3.300791507768729,4888.656,4.337242618330728,76.8405156562427,27
2,173,3.404850768576602,0.25856124294538724,2.6880496504528555,4.148906074950599,1.4608564244977433,-0.9310772172053213,0.24757782653523924,-1.0001495156365343,0.0038491351535378,7.989516678064296,1.2544520720860906,10.67022537319244,2.630112214108151,4866.25,4.284940939721871,75.98971351935808,28
2,174,3.4037388246513496,0.2630267491039539,2.6866245843324728,4.170272562112315,1.483647977779842,-0.9394586031577282,0.2329493338871704,-1.000662603416492,0.0025458608027601,8.031961049301984,1.3293807404017746,11.290252755528313,1.8126360093104585,4836.125,4.298267141079566,76.21581124668944,29
2,175,3.4068285577090975,0.25866498064833215,2.698617918096401,4.170271899546104,1.4716539814497027,-0.9358379166065879,0.2393000003986662,-1.001004029933717,0.0034355211514904,8.043229181254354,1.194760868312064,10.973350060572036,2.515285505206231,4801.485,4.253758790206858,75.3732274763977,30
2,176,3.4086789774100317,0.2579674002654644,2.699107325579607,4.169452174938924,1.4703448493593174,-0.9322392887454545,0.2459535571666997,-1.0009807316550958,0.0032156201712743,8.03181115051043,1.1704889381561956,10.3391489283262,2.6512884653653535,4760.938,4.203018327826415,74.45948112423592,31
2,177,3.3973450050321667,0.2659197088395426,2.6835548325192,4.170146996930818,1.486592164411618,-0.9406998132859437,0.23006570783842242,-1.0015794381065346,0.0032676933828671,8.097013437245893,1.3264745227498387,11.22843469416495,3.126760109292432,4740.907,4.211572188146293,74.82432409476046,32
2,178,3.3993392010348766,0.24937260316111612,2.681569834191177,4.12494331073437,1.4433734765431927,-0.9537093572867028,0.20275296209599117,-1.000338666801855,0.002741239360133,8.022533123805395,1.3108436790892324,11.142187018109254,3.7994843313993476,4914.532,4.434265672931173,78.6559147708129,33
2,179,3.4116534333763227,0.2588481917046283,2.683679055503892,4.151287967783268,1.4676089122793758,-0.9460022622334843,0.21928049986238163,-1.0008223865758237,0.0029521447447247,8.108172025448226,1.3029099513013036,11.266783334689707,1.6242601875136975,4998.656,4.488052987885397,79.34373415144546,34
2,180,3.417645007960136,0.2561915635435603,2.682654869893668,4.170265534323388,1.4876106644297198,-0.9477332619889278,0.21573860624742927,-1.0014803549820417,0.0027404094242924,7.8977220071348055,1.1824969690059137,10.42585253276335,2.6800657861073605,4890.015,4.4057693980640185,77.76439744818121,35
2,181,3.4079105797438367,0.2639087582764168,2.682384467590376,4.170979556153871,1.4885950885634953,-0.955996398502354,0.19770035398748925,-1.0011333619216,0.0030772516111169,8.04149350152151,1.2763946371179304,11.216029100406416,3.160944254593738,4842.11,4.390386213206206,77.69317617235748,36
2,182,3.407164499269471,0.26255342262758397,2.686240486840372,4.169424514471797,1.4831840276314248,-0.9495988780290303,0.21189940403945173,-1.0008607894638553,0.0018306959853921,7.954120438181095,1.3307849405404952,10.782099455149345,3.2653469226302994,4798.281,4.31883870279571,76.46798584697994,37
2,183,3.411264697940678,0.25852283809960735,2.6969281633328235,4.170624380836064,1.4736962175032406,-0.9487217927497306,0.21342643486363938,-1.000768040220572,0.0018361514130153,7.997450587692992,1.1746268749256576,10.321202935071105,3.3135945236271365,4739.188,4.266154996508297,75.45874722677189,38
2,184,3.399055092260418,0.2611263140857149,2.697244348677796,4.149740744130536,1.4524963954527403,-0.9484783034454789,0.2137210022837283,-1.00042503459904,0.0058328434279522,8.033089769228212,1.3418771027364107,10.97070399517944,3.401570035161787,4733.156,4.24443314683835,75.3487897808513,39
2,185,3.397998613644679,0.2665958506083215,2.682663772646134,4.170538290499679,1.487874517853545,-0.960288282497019,0.18772764831208155,-1.0015325180388504,0.0024128993077932,8.032822875095608,1.250347412464456,11.121182366824469,2.7824682851472575,4670.61,4.242131161018293,75.3018285849906,40
2,186,3.3968749308721438,0.2662099234524243,2.6897565950033164,4.170102316006519,1.4803457210032023,-0.9538841832821683,0.20297683785644643,-1.0062480227973458,0.002341578409473,7.971994643634386,1.2897192350741127,10.805368665446066,4.799056662918008,4635.0,4.1787184193327835,74.223668970632,41
2,187,3.3949285391136215,0.26569656696689486,2.6851150517360427,4.169002458595089,1.4838874068590462,-0.9534653843148169,0.20355211377428842,-1.000237361904988,0.0041882763157375,7.985840586212385,1.3725770465897749,10.90427632418744,5.497550324156144,4615.86,4.1570966648159375,73.88269067993798,42
2,188,3.3923053503439844,0.26784389954024757,2.691698678764574,4.169722967056448,1.4780242882918744,-0.9561814714709561,0.19733119044954145,-1.0009932577793423,0.002146561775158,8.055923800450703,1.3441419356785063,11.177549576040898,5.146891865976398,4580.75,4.134510863019735,73.53542545157102,43
2,189,3.393507466288284,0.2584095262168435,2.688395997689043,4.147796072295514,1.4594000746064713,-0.949495711589349,0.2119107480227022,-1.0006542561971037,0.0024197601963604,7.982156595851859,1.264579669764389,10.375532122783676,2.910218032356675,4557.406,4.084468734288095,72.64075046458869,44
2,190,3.397997936501643,0.25797801058219444,2.696650926823416,4.16937546220786,1.4727245353844443,-0.9491950189128958,0.2130742301542275,-1.0009626594711905,0.0039275882749092,7.842796481143621,1.3344523422965204,10.314092555911314,5.015947461179612,4524.032000000007,4.05886328370494,72.09774454334269,45
2,191,3.3882925257712984,0.26853569491576396,2.6969697387700067,4.170164354666364,1.473194615896357,-0.9617018565505489,0.1840835398216437,-1.0010181767758786,0.0019253522309582,8.079939832789865,1.3583270869152841,11.367431862943256,3.750921347479057,4502.938,4.084321978308674,72.72472882283597,46
2,192,3.3877256181336417,0.2686391719105087,2.6967087456075824,4.169926901474105,1.473218155866523,-0.9582791920312705,0.19266232610324016,-1.0003688126988763,0.0029828645995823,8.064765751727984,1.305241850653473,11.06954549641082,4.862950852259877,4483.094,4.050632145161377,72.14513563852637,47
2,193,3.3892443793813447,0.2681959267280601,2.6919470298999477,4.169479557902343,1.4775325280023952,-0.9604573336465301,0.1867690700573799,-1.000126079444024,0.0014238030452447,8.047690080561159,1.3201876164834625,10.977331626368253,5.411417890904778,4448.36,4.027265344884256,71.7450569211007,48
2,194,3.379247569665043,0.26639430643711887,2.686563173222129,4.1466990810536295,1.4601359078315004,-0.964049565042912,0.17744464864484072,-1.0021900619093496,0.0029238576437456,8.077528255423264,1.2983623094802896,11.25041370680882,2.4814233835572814,4440.531,4.027642889461615,71.90304501504863,49
2,195,3.3916390352444328,0.2622501026155267,2.696173744376241,4.168333177873153,1.4721594334969121,-0.954156405475968,0.20190943000493913,-1.0003664269909844,0.0024173954685969,7.993540199499143,1.2138410289189194,10.261913330935936,3.080750543581142,4416.547,3.976931962588896,70.76543458938066,50
2,196,3.3795641863547807,0.2691899973431098,2.687805922420921,4.1690272272079385,1.4812213047870175,-0.9703946548779708,0.16065066967702255,-1.0012571198673526,0.003278621257606,7.973181959906695,1.424699829416647,11.209451387068038,2.283897894486744,4382.937,4.003194974192422,71.45504418222878,51
2,197,3.3905357196785717,0.25961363181134445,2.6954427225266566,4.169215137661718,1.4737724151350613,-0.9568118198331175,0.19629348443010564,-1.0018658991684293,0.0019777963812346,7.915947250994455,1.2565875537762974,10.39465598668322,4.307133158589485,4347.453,3.925180126378733,69.8651277101739,52
2,199,3.3909861606032004,0.25755678333313325,2.6861121256233056,4.135364610542779,1.4492524849194734,-0.9536560997964092,0.2028228748950568,-1.0023792621826997,0.0012033859895205,7.938268366482139,1.389710197214767,10.71880829888557,5.920587965999237,4746.5,4.2717848724037655,75.98949770494266,53
2,200,3.3970417211274984,0.26620810672120293,2.6816961536149058,4.1506494675081695,1.4689533138932638,-0.9718532283937391,0.15601342205658658,-1.000168699926821,0.0007467315993929,8.024531067354474,1.3171665767295542,11.267543040114028,3.0323180773534384,4679.156,4.3026630216077555,76.38040038125737,54
2,201,3.4053897793262036,0.26368584305646586,2.6935260886313634,4.170594556050919,1.477068467419556,-0.9745908346175696,0.14760373065553592,-1.0029269600514006,0.0008686434908399,8.026701986317695,1.2308539245775711,10.977215485451683,2.4078756547753226,4596.578,4.249585135150717,75.25840105596075,55
2,202,3.4044637089502996,0.2635601494156174,2.6819098951639786,4.170902199360611,1.488992304196632,-0.9743182693533817,0.14850906260644706,-1.0009156470599612,0.0012745576170925,8.083086131954136,1.1906708373101142,10.698980931953203,3.7921071546062635,4544.641,4.199233996560265,74.38935578600423,56
2,203,3.40066115678775,0.269940756636037,2.6836569825858465,4.1707733769162845,1.487116394330438,-0.9773202136961056,0.13826301501227203,-1.0001085078242802,0.0017172085207204,8.282945581406354,1.1855325726624548,11.200778779435032,5.142878921489137,4526.938,4.191422348721591,74.3382147754267,57
2,204,3.399557901522936,0.26892720431290895,2.686405541586876,4.170606882649154,1.484201341062278,-0.9769934301900784,0.13869669259703998,-0.9997514170880324,0.0003549387845271,8.296254318972048,1.1782844492775026,11.067122162658642,5.374314037274616,4487.438,4.151986707120686,73.66446120443109,58
2,205,3.3869933616946555,0.2596233468073573,2.685608364298082,4.128047138171167,1.4424387738730853,-0.9767440428637847,0.13847069909448737,-1.0014756423920743,0.0008543782112958,8.280354632475289,1.2521073917415964,11.217197558663642,3.571873807532924,4513.312,4.159784505004403,74.07187104105884,59
2,206,3.3947531020283486,0.26762238384365317,2.685972991906515,4.150268203613492,1.4642952117069767,-0.9738169504529767,0.14878642871306022,-1.0292876659492052,0.0016107871941853,8.346898191755683,1.259553425192369,11.59325762914515,4.480025855212752,4568.438,4.207110214349492,74.74398908185077,60
2,207,3.3979955411966936,0.2706474910731909,2.689198249643033,4.1705243721131415,1.4813261224701084,-0.9802233649908892,0.12729562073938228,-1.0011525386558742,0.0029197510088672,8.337878264565942,1.2367313652469536,11.534047303435644,5.170397647551909,4499.656,4.175609038915179,74.12182961605069,61
2,208,3.399587991995103,0.26714548430200585,2.6983204775942364,4.170294880009359,1.4719744024151225,-0.9801797978590467,0.12813703191523632,-0.9994560675644152,0.0007032833500389,8.259622932500356,1.1571535592067965,10.92572543982624,5.096739245166258,4430.984,4.113609905538882,72.9888363599694,62
2,209,3.395118621843109,0.2710289439804623,2.693240203211685,4.170568686817898,1.4773284836062128,-0.9833769221524863,0.11523526354610888,-1.0001444836054942,0.0001566483540684,8.290496900072908,1.2097271370114169,11.346378697595553,5.149360705229282,4411.141,4.103120503384337,72.90802245505373,63
2,211,3.402660754515897,0.26152748318614566,2.6866110987705887,4.152589435404936,1.4659783366343473,-0.9565798060844432,0.19521435953626987,-0.9998506480954517,0.0032773724490906,8.321321846834685,1.2217707307837211,11.439171740202124,2.412121628136968,4883.312,4.425448446307294,78.43290247415278,64
2,212,3.409317486730915,0.2612023022786713,2.699083135691788,4.151970239591361,1.4528871038995734,-0.9772401913298513,0.1373718979710871,-1.0004944197478995,0.0021411055906852,8.23807744072398,1.2013019384975379,11.147240167890732,2.7620642722748343,4663.907,4.329434750263101,76.57914792957551,65
2,213,3.4133709426845633,0.26296457922539446,2.6907134698484554,4.170962379739071,1.4802489098906153,-0.9839943201059,0.11343029718393723,-1.0008604029243209,0.0013498014629071,8.189029507624946,1.2240652208827123,10.831285577855546,5.007402945186677,4581.328,4.287018611642605,75.75875105525263,66
2,214,3.4068009615962724,0.26877893389959917,2.684500860538322,4.171135033653532,1.4866341731152102,-0.9871874196801942,0.09886207593686744,-1.0019448914018847,0.0002887625847544,8.234868029314756,1.283745085404475,11.236293148641268,3.9204108249614684,4553.031,4.265895703016644,75.54490083618337,67
2,215,3.4061690632747035,0.27061189919358775,2.687835669252526,4.170873392468351,1.4830377232158254,-0.9901111158822024,0.08156975576738178,-1.0012709000931328,0.0005939644267695,8.238279702155017,1.128255535168044,11.08616967823061,4.95131798402625,4486.5,4.208744195490018,74.54363936365505,68
2,216,3.406745720524415,0.26548338866216487,2.690437364566134,4.170920111392399,1.4804827468262651,-0.9865545525457216,0.10015330260782823,-1.0011831011426036,-7.174117374828844e-05,8.219372551773532,1.1418860030787825,10.751912617606896,4.769863774386258,4450.625,4.167378290847269,73.80761112060465,69
3,217,3.4409645322869102,0.33232746015937215,2.1792997733612083,4.23781853684158,2.0585187634803717,-1.0031661082518326,0.06407345776861419,-1.01435518394686,-0.0021349309520664,9.035891964302168,1.7857483951526454,13.880080551261509,6.706973107158137,6436.141,6.1735746368615425,100.0,1
3,218,3.4252545586780085,0.3240382986311047,2.1744736968146285,4.162338775528476,1.9878650787138477,-1.0024459582241103,0.0685874814152673,-1.0149368694391114,-0.0003168659044778,8.872109574065124,1.672891571055152,12.941526372487642,7.333155215336484,5650.265,5.393424043850431,87.74750131470724,2
3,219,3.425904453303529,0.32557649993219817,2.195666899317151,4.180873304847234,1.9852064055300827,-1.0023572232862559,0.06901069925614796,-1.014076992350372,0.000645161220128,8.6284456728549,1.8071380565871473,13.359691095670462,6.076930853175683,5590.907,5.3372633521978345,86.81956808607717,3
3,220,3.423608435843718,0.3278278941096774,2.1796283675041006,4.182266567788393,2.002638200284292,-1.0022919216677797,0.06937786567195105,-1.0139326738131618,-0.0009026708261391,8.63136091760955,1.7750318379403627,12.683911154117247,7.899396462339398,5543.61,5.288060220535965,86.08133804413292,4
3,221,3.4211455348547464,0.32966156654984013,2.1952581561866973,4.180656549578995,1.9853983933922974,-1.0022939530561292,0.06969389982223284,-1.0141216340191552,-0.0003092132286597,8.67696820980418,1.7083248273356437,13.065399804685724,8.005527476677784,5499.046,5.2416105010557965,85.39062045322316,5
3,222,3.418211640329191,0.3296981689014063,2.1940346005371705,4.180899052149243,1.9868644516120728,-1.0024377453810243,0.06997292040717905,-1.0146327995843631,-0.0016946404892597,8.714755394110101,1.7823871548717962,12.802479603911388,7.515855438663681,5461.219,5.201906157805856,84.81658541203596,6
3,223,3.3913871477101263,0.3222078627624074,2.1978529182010296,4.121126965024616,1.9232740468235865,-1.0021665244093547,0.0702596518477059,-1.0146720016504305,0.0012196612448846,8.941517894800649,1.934139569212134,13.585554405586658,8.190793463767237,5451.281,5.15065167114902,84.64156931247385,7
3,224,3.405195390316552,0.3337396410833955,2.190965071547283,4.158094572470294,1.9671295009230105,-1.002235007588667,0.07022498876282673,-1.0150359928774078,1.863439523670589e-06,8.956808204433374,1.7487417719205796,13.94301293338268,8.443811826738017,5468.062,5.187399426106502,84.90814910922377,8
3,225,3.4089875975783017,0.3347838829374165,2.1866396618663058,4.180141305155931,1.9935016432896249,-1.0021923537852624,0.07060791129977599,-1.0152062278681104,-0.0003551370183381,8.857079944726477,1.7871708772579353,13.134169173843691,8.06628674251391,5411.297,5.139255440833135,84.02624729081938,9
3,226,3.405344636824463,0.33859194934471304,2.183328288428697,4.179370029585307,1.9960417411566103,-1.002036442615774,0.0708829132744265,-1.0155359732475864,-0.0019081565659768,8.951187295260016,1.7906043513639591,14.086951683642924,8.242975026602661,5369.703,5.093442675345866,83.36876973557389,10
3,227,3.4032461605763142,0.3382523610266554,2.169516718963703,4.178701514525068,2.009184795561365,-1.0019449254309927,0.07129200319860898,-1.0142040713603584,-0.0016858857505832,8.966158040889411,1.8060601532498715,13.314723048488911,8.296797084853452,5327.406,5.049556745292272,82.70580225912252,11
3,228,3.3967709514446076,0.3444375115603829,2.1506636217123933,4.178686122362143,2.02802250064975,-1.0019368953910395,0.07153298384314215,-1.0140802271588931,-0.0015827464254789,8.972930848723113,1.7758182829606313,14.173291675329546,8.370106703712374,5299.266,5.013389613834574,82.26961977220753,12
3,229,3.3721964614287634,0.3261895981863464,2.1813781395662764,4.104216707532647,1.9228385679663704,-1.0020744940471753,0.07115915122164963,-1.0152535112311678,-0.0024523030332244,9.032800036514974,1.9937188638969612,13.959348125513564,8.304979789031412,5367.172,5.0421405573228535,83.33393371551018,13
3,230,3.3962096829403037,0.3354824349037891,2.197114951660172,4.155511867054,1.9583969153938279,-1.0019365649129635,0.07099489495574869,-1.0150882170381768,-0.0010990951095201,8.8666091485246,1.8402490861450091,13.523198161538613,8.765510718121897,5406.812,5.114446410385341,83.93912884349923,14
3,231,3.3989726713804767,0.342779453664496,2.157995006136477,4.17891702072451,2.020922014588033,-1.0017349404979956,0.07154140825109408,-1.0138597436043135,-0.0004694932106597,8.91721938287038,1.8415229710460208,13.750234723504356,8.80144023223334,5353.094,5.066727499280466,83.09038718025225,15
3,232,3.39769311615204,0.33873781327021807,2.198419108542039,4.178285871350945,1.9798667628089062,-1.001588196535767,0.07211743272575671,-1.0144360732666853,0.0005755292151167,8.923958703020183,1.8697936767390662,13.400973711086476,8.5613711031016,5280.031,4.995159570563386,81.94826804557582,16
3,233,3.3923860221630204,0.34463156005118034,2.151164339585934,4.178074763829319,2.0269104242433853,-1.0016469274447983,0.07245757927642106,-1.014261294595994,0.0030465165480761,8.991317663963024,1.857894925035853,13.648707282364962,8.163198544840132,5248.593,4.9576662448889754,81.46710383565426,17
3,234,3.387564802409393,0.347537740041608,2.152208745567858,4.177918597629585,2.025709852061727,-1.0017210974492488,0.07272619337844462,-1.014489076885478,-0.0010481100245803,9.016720196858456,1.8290522818169372,13.959820884900516,8.872123713099874,5203.375,4.908349301016229,80.77248760149375,18
3,235,3.3755889260430436,0.3454299517233836,2.165968185309718,4.151019587024004,1.9850514017142862,-1.0015714385037338,0.07315982263516758,-1.0134987135278009,-0.0012278389417416,8.999593683204713,1.8660032366666237,14.349640095291218,8.688162001730284,5166.812,4.855679637129989,80.19571581250769,19
3,237,3.3771442240108183,0.3471988973924628,2.199378116446157,4.178852366259435,1.9794742498132782,-1.0017131896387048,0.07202149127811634,-1.013723806647551,-0.0008132941108328,9.073580268946476,1.8984179456160217,13.720010432160604,8.699809002378185,5340.281,5.021496056886684,82.89409815879473,20
3,238,3.3739069772216053,0.3515723712524985,2.1709534591124666,4.177296277706522,2.0063428185940553,-1.0014759387718013,0.07374779784012316,-1.0133151573794763,-0.0002644100073359,9.035703497783533,1.8155150794725927,14.214578668306734,8.47170033454628,5103.0,4.7930151885913395,79.20090425332623,21
3,239,3.3730377771688125,0.34915371013625646,2.1705625280743464,4.176859724330072,2.0062971962557254,-1.001751590105337,0.07422699920764325,-1.0145892320656984,-0.0011858410030944,9.0428494070086,1.8434248951112466,13.7206185074268,8.280490065375812,5051.172,4.744563621380778,78.41988700653889,22
3,240,3.361814920655554,0.34836235373699836,2.1762627754763426,4.148811503971785,1.9725487284954428,-1.0013919768296455,0.07454412264370576,-1.013852308100358,-0.0002403126979947,9.103478864398264,1.8524947532324578,14.307049577086085,8.856348701412879,5027.563,4.705220738550692,78.02737636387978,23
3,241,3.36759601245628,0.35039753354392483,2.16031962283908,4.17607839536505,2.0157587725259702,-1.0012785845104528,0.07479096762269463,-1.0149029063735249,-0.0007938134828941,9.08626820310501,1.876803730735365,13.73206507015365,8.425880670036296,4993.765,4.68121061129143,77.49556472484818,24
3,242,3.3619567307164724,0.3558298131162476,2.144904732455604,4.175479903911147,2.030575171455543,-1.0011100184599881,0.0751181023601137,-1.0129489271534275,-0.0004843385971355,9.113491912356011,1.8796290561153122,14.550153842364988,8.508137346905343,4962.469,4.642857146972975,76.99854937406766,25
3,243,3.360770876263507,0.3507027692758381,2.196218583907234,4.175276949812811,1.9790583659055767,-1.0010016783342919,0.0755086117723608,-1.013842187549723,-0.0018298264369051,8.977476169539525,1.9828452523918954,14.437029519118854,8.100972450447205,4907.859,4.589758229860416,76.14576764236561,26
3,244,3.3581255157395584,0.35089478259800383,2.1691838412748474,4.175506752243359,2.0063229109685112,-1.0011852000845294,0.07582102622657118,-1.0136988771283435,-0.0005833386279632,9.205520238536876,2.076349689460274,14.364000921258654,8.746264282037687,4888.656,4.5692498275809665,75.8619839162113,27
3,245,3.347714666699619,0.3491445701376315,2.1947559967284405,4.145965438635247,1.9512094419068062,-1.0010003485675925,0.07604406631869383,-1.014252701339216,0.0001827346966842,9.14555330973735,1.9848581433436514,14.693349843683665,8.487422044310932,4866.25,4.533207364642603,75.50232218874048,28
3,246,3.353800882166825,0.34999076900655496,2.1877179876194037,4.174989626740224,1.9872716391208205,-1.0010290829534054,0.07633470691042869,-1.0140278357417702,-0.0010479100590296,9.111354213090989,2.0126255676778837,14.058016587648105,7.896600732089012,4836.125,4.513675195005084,75.03910452434036,29
3,247,3.350657273692142,0.35468453445011466,2.1508230766314127,4.175655686812431,2.024832610181018,-1.0009585460015413,0.0766594704309302,-1.0134629302760532,-0.0006032700585345,9.163824507961877,1.911117477413044,13.779152574880364,8.198671733801035,4801.485,4.476854217584236,74.4971164361901,30
3,248,3.349047830330531,0.3542335819797706,2.190167787518222,4.174757798171361,1.9845900106531387,-1.0009004370775454,0.07714527631142737,-1.014033434715715,-0.0010516016356776,9.165326915001913,1.915585040546853,14.383739114376208,8.312486694926317,4760.938,4.436880303488341,73.86844179455639,31
3,249,3.3446343037059103,0.3546864709704731,2.18851427579806,4.175734259626989,1.9872199838289286,-1.0008534371371294,0.0773762050967187,-1.014031038623518,0.0011973189996783,9.179753755489338,2.037174496179128,14.589504036127655,8.841234805632277,4740.907,4.4122255863556274,73.55498482862174,32
3,250,3.3205030122204913,0.3411515185635458,2.163748582486284,4.087128849753504,1.9233802672672198,-1.0011746350209894,0.07618646797837002,-1.01490431160623,-0.000124256808814,9.27415763140438,2.1026533452660656,13.891154624298236,8.951273004194217,4914.532,4.5428960906416656,76.26824754786716,33
3,251,3.349264182688189,0.3542577553777758,2.153820870810703,4.147121879450348,1.9933010086396452,-1.0011690143333174,0.07549293913937094,-1.0140051761194069,-0.0010340594408193,9.271981913108279,2.04906532649199,14.673096336965486,7.77725382626685,4998.656,4.660057918410699,77.56963151483212,34
3,252,3.3574536928825296,0.3539215448292644,2.1856873619664867,4.17500990248918,1.9893225405226929,-1.0009996740645901,0.07632639707367735,-1.0138060897113894,-0.0009111336391973,9.033984664610193,1.890863884899757,13.896967367053858,7.936039262552428,4890.015,4.569171126013994,75.87481702547979,35
3,253,3.3535254761184166,0.3547163385613316,2.1586585951828057,4.175207914830006,2.0165493196472,-1.0008611138640546,0.07675475520141557,-1.0150239115464577,-0.0016567091012152,9.172120651818531,1.9993949233257693,13.908543615362126,8.269438743411637,4842.11,4.518812854056453,75.12355312643473,36
3,254,3.347073227310051,0.3600341848804339,2.149734467121552,4.174827125492382,2.02509265837083,-1.000811467966266,0.07719073587862811,-1.014982845931098,-0.0011668323634643,9.093365400458568,2.024203726313366,14.617560660341365,8.326680818710987,4798.281,4.469174813628255,74.4425123782927,37
3,255,3.348504626898048,0.3565937571742071,2.180494984747436,4.1748101416565255,1.9943151569090896,-1.000971558605881,0.07774016783021992,-1.0139301973708983,-0.001847370907666,9.119927887302934,1.9247448496163877,14.288124170416689,8.493596852234688,4739.188,4.416487102347269,73.54003097462086,38
3,256,3.3328169133314747,0.35774403706385666,2.1583931144361963,4.144890688492612,1.9864975740564161,-1.0007926094103774,0.07791513996961526,-1.013587060727205,-0.0012567709294042,9.185345552194319,2.054836998733411,14.875868929885128,8.503321229084953,4733.156,4.389582366259368,73.43500274143065,39
3,257,3.343773088070051,0.35301114494059443,2.1973084174346607,4.174530382960434,1.9772219655257732,-1.0006667122739987,0.07842886857522478,-1.0133237853999737,-0.0014908924953573,9.156968538676207,1.9589930590596918,13.880179808466218,7.691850448480801,4670.61,4.345410578402172,72.45791339707277,40
3,258,3.33676988143417,0.3581167078199952,2.194834923129504,4.1743300924480256,1.9794951693185214,-1.0004434396725717,0.0789164978401347,-1.0129735089678258,-0.0001828685567612,9.08775088318824,2.0215971104628943,14.631961684725407,9.631751846332815,4635.0,4.302259310876365,71.89196098471056,41
3,259,3.333058450714012,0.3620655963278742,2.153169565361056,4.173688629517977,2.020519064156921,-1.0004321685718414,0.07912574228229924,-1.0140945273469484,-0.0014059183662915,9.184456763175827,2.0729029970952686,14.768164211079869,9.664507521019909,4615.86,4.2796353504050515,71.59564221420818,42
3,260,3.3307168993094938,0.36076542207230294,2.1789077465484965,4.174343502341572,1.9954357557930757,-1.0004986868063772,0.0796511201431181,-1.0146645679773671,0.0004429185095396,9.215049403610458,2.086736220040668,15.037938036453404,9.88841204693285,4580.75,4.24449453776705,71.05773717985927,43
3,261,3.3218468956700393,0.3569229864598587,2.16713614374112,4.14222437268915,1.9750882289480303,-1.000373674220122,0.07983213237535938,-1.0135210185380688,0.0003975294877859,9.185331012909922,2.003829569165328,14.290141125898849,8.025335181360502,4557.406,4.211202639737615,70.68813553372199,44
3,262,3.327359417043662,0.35978797674114443,2.175632256591337,4.173393414123743,1.9977611575324064,-1.0001870072907715,0.0801979522816562,-1.0128647179210617,-0.0002794306040719,9.046655941616262,2.0227183057156797,13.996450231420782,9.269688770757714,4524.032000000007,4.186449739188588,70.16025072672633,45
3,263,3.3259632346577273,0.3592356725099358,2.199283556452788,4.173536996898156,1.9742534404453682,-1.0001225394585929,0.08042242704077106,-1.0135831957851476,-0.000648669348585,9.26195924957788,2.09138909971099,14.935082428364884,8.80699548937746,4502.938,4.164930825340099,69.8279900889219,46
3,264,3.322240958381916,0.36312314783425154,2.176786994904175,4.174582549013794,1.9977955541096195,-1.0001481029921278,0.08061127299938986,-1.0125088172166772,-0.0014316396949476,9.252994157098664,2.061472547169968,14.99164974108056,9.59696410956779,4483.094,4.142133024185537,69.52385992265646,47
3,265,3.325985699672719,0.3599945124954452,2.19883821425474,4.174588307825947,1.975750093571207,-0.9999638117239763,0.08184940740015167,-1.0140396121078876,0.0011618338723595,9.26310734626783,2.0664411982084756,14.811846373564524,9.81019684035809,4448.36,4.110772536354486,68.98329726448586,48
3,266,3.3114789937571287,0.35618825635711365,2.165246924019346,4.140409334076233,1.9751624100568872,-1.0003136352879307,0.0812016278894991,-1.016160339741845,-0.0002093461897087,9.331127163327569,2.0697591304506906,14.247555903096725,7.614912316454774,4440.531,4.090601118497475,68.87875598997721,49
3,267,3.3170441017303047,0.3642671793472577,2.159522238937832,4.1724288341154105,2.0129065951775784,-1.0001598810351362,0.08145426677802395,-1.0136323841516852,-0.0010349534985669,9.266824205941363,1.9591872002745685,14.332240013732582,8.059409581986543,4416.547,4.074538307716137,68.49816399036483,50
3,268,3.314496922697215,0.35902528866351713,2.1831972567411246,4.172310550176221,1.9891132934350968,-1.0002538884639347,0.08183700858361591,-1.0151417452145364,-0.0004297533680132,9.20992133972331,2.1458524791890383,14.276871638701772,7.2074024265684145,4382.937,4.041118992702281,67.9852897038615,51
3,269,3.315933995614132,0.3592864361520222,2.191895759269081,4.1745648072291,1.9826690479600186,-1.0001281764463046,0.08223855570993004,-1.0129399611534418,-0.0007365343314831,9.1721362476023,1.9961590011636077,13.777310967702926,8.929255041924005,4347.453,4.0094913885128305,67.4286988333969,52
3,271,3.2963331961890048,0.35491419416905207,2.198908641131297,4.101731329888953,1.9028226887576558,-1.0007810921100906,0.07889710257319592,-1.0136804581659815,0.000202664865004,9.25834987796474,2.1708109605642374,14.96165525093106,10.523579648407953,4746.5,4.3541946628445345,73.64876886587187,53
3,272,3.3205927834140843,0.36097943937380167,2.1759612427269523,4.14324574268369,1.9672844999567376,-1.0005274848759138,0.07949324375293584,-1.0138752417282513,-0.0016350840270743,9.311634785976043,2.118383562065381,14.622124863653871,8.364160345312097,4679.156,4.3231724333740065,72.58944048878323,54
3,273,3.3321448974569696,0.36064374813605965,2.1740843812957524,4.174381858889519,2.0002974775937665,-1.0003494909916653,0.08027044818026421,-1.0134453544249995,-0.0011502757291964,9.306501252940654,2.0421759435929774,14.181162993443126,7.385922671791179,4596.578,4.261290376967816,71.29949359670286,55
3,274,3.3300589536831566,0.36192951663404355,2.1699286892596934,4.173792780760516,2.003864091500823,-1.0001304668043078,0.08071758569103585,-1.0132265455749991,2.7256060250898507e-05,9.361883663268088,1.97796693134985,13.989284902759552,7.9845247398656785,4544.641,4.209550466007115,70.48024192778774,56
3,275,3.326398154149516,0.3678841176963526,2.15658205310809,4.174292933831419,2.0177108807233286,-0.9999751500715209,0.0810515332474906,-1.0127770109447685,-0.00067149452539,9.565977385225588,1.9892990423092576,15.042601535042603,9.12757211198333,4526.938,4.187912176107168,70.19755213198312,57
3,276,3.324081152870965,0.36732409450287556,2.159229413482601,4.174080626824366,2.014851213341765,-1.0001108627417226,0.08142925267707737,-1.0138936920010262,-0.0004329756690033,9.613253810213061,1.9892307142318142,15.027421071078606,9.350422718476047,4487.438,4.149056838791255,69.59564888484663,58
3,277,3.2901896835135895,0.35183803592025376,2.1981836512731,4.089380393518967,1.8911967422458669,-0.9997380074680035,0.0812993883182785,-1.0184755755177433,2.7940570327789576e-05,9.659706152498446,2.1558649030733887,14.577396723095212,8.020326463545203,4513.312,4.129192875746924,69.97092975370477,59
3,278,3.3123680120679446,0.3658150654960674,2.172247401410494,4.142442473931475,1.9701950725209811,-0.999942885934547,0.08093119762036177,-1.0139384129430251,-0.0006009137673257,9.660074492266734,2.1058765549860334,15.36587842843583,9.069293038119099,4568.438,4.208309558565795,70.83754562512098,60
3,279,3.3202672940295272,0.3690492673530547,2.167855497701561,4.174041322689958,2.006185824988397,-0.9999545027275712,0.08156381044327152,-1.0134236160019647,-9.188842542528952e-05,9.610732084606383,2.060919028817458,15.29268403662172,9.25206246757001,4499.656,4.155168931559211,69.77638123324401,61
3,280,3.3220005581957603,0.3638478320634991,2.197413864039741,4.174154842675988,1.976740978636247,-0.9997765998111345,0.0821859626988051,-1.012621804825029,-0.0017926120869063,9.509606751933422,1.9718815350945709,14.698902260428524,8.975450640886372,4430.984,4.093214323522736,68.70166272899344,62
3,281,3.316995919062792,0.3675697555818649,2.1808859045895868,4.173817719824036,1.9929318152344488,-0.9995908082297772,0.08253616644055925,-1.0138097315277292,-0.000779392195052,9.55376799961061,2.018984936535345,15.066788669768552,8.921814894450147,4411.141,4.068109267248104,68.38436558252447,63
3,283,3.304824958917925,0.3623258951821804,2.1634350552847827,4.122428601972404,1.958993546687621,-0.9999417105324964,0.07865923064170964,-1.0118756251887793,-0.0002592366156627,9.689325427035971,2.097922467374811,14.884443210062466,8.28298393131016,4883.312,4.487665825272263,75.7104906608316,64
3,284,3.3235919579934095,0.36234904427173076,2.1839323108066178,4.143823070139112,1.959890759332494,-0.9998017376659812,0.08058463065897224,-1.012656973957246,0.0015024551516464,9.54652406934783,2.032656772187091,14.454392118638458,7.421408898632684,4663.907,4.310653541197046,72.3074943896871,65
3,285,3.3336764636844887,0.3617192117816279,2.196284886273677,4.173823759594136,1.9775388733204586,-1.000249176467669,0.08141390417024365,-1.0140280598156248,0.0003290481666301,9.486110245180768,2.014600657481199,14.172939173239188,8.441710989698656,4581.328,4.249125386899836,71.06299491441526,66
3,286,3.32512940887575,0.3698193105366857,2.1526544597098902,4.174042864835579,2.021388405125689,-1.0000755059089512,0.08160712736582586,-1.0143271740416917,0.0003226122774269,9.528985199683015,2.0906892616556627,14.797843662102167,7.9410568257959735,4553.031,4.2114690925291525,70.6142227822604,67
3,287,3.3265245824041667,0.3660917892383615,2.1963314779954723,4.173923325104936,1.9775918471094638,-0.9996836231447859,0.08220930319925739,-1.0135805482915097,-0.0001745506813265,9.519831150565885,1.9472397592492694,14.86814851282613,8.691361413738694,4486.5,4.15001847096653,69.55852023168163,68
3,288,3.325662411014798,0.3629951732612294,2.189500804437932,4.174510564064746,1.9850097596268137,-0.9996591394483646,0.08260493544791198,-1.014505539753993,-0.0014301937849856,9.50863223906921,1.982043030426371,14.051631055988958,8.539143671482977,4450.625,4.115675224073774,69.00334158455624,69
4,376,3.4693912792577155,0.25415590962131424,2.487710804240493,4.151713316448254,1.664002512207761,-0.9908307773272774,0.0654595602264445,-0.9989196316837596,-0.0035710956269996,7.784854957371514,1.2215325410689837,11.059155779143234,6.226786542219134,5608.781,5.358821524060959,98.24853064652902,1
4,377,3.489663125237392,0.26409593970638295,2.4700528908595785,4.1860990142535135,1.716046123393935,-0.9917840133525034,0.06532918737897826,-1.0004222702851215,0.0004325901221601,7.677310156075022,1.1794695805176303,10.464754894665266,6.132130904012929,5703.296,5.486116396020314,100.0,2
4,378,3.4883481289690543,0.2683370867370519,2.4917865311625422,4.20024763178396,1.708461100621418,-0.9917267979357509,0.06551181300786586,-1.0013749229178603,-0.0015044521542329,7.720355963617298,1.1456952349825456,11.117824082083432,5.594012531637179,5668.032,5.449855329244993,99.37715826666741,3
4,379,3.4828518772266346,0.2709011284987722,2.4681420264399123,4.199618145627328,1.7314761191874157,-0.9915700758751732,0.06567406111940706,-0.999906490000437,-0.0029166043859581,7.795012554263815,1.2341807664854298,11.465947003288688,5.699646001676789,5634.047,5.407777328122097,98.76614758293239,4
4,380,3.4797712380230035,0.2698747078401676,2.484034640402104,4.1989206972349695,1.7148860568328654,-0.9892746508058018,0.08099179252756925,-1.0000803262722175,-0.0017843806336135,7.802002705131443,1.2470691138919998,10.672391649812306,6.730452162313295,5582.375,5.346780478085368,97.74434070218156,5
4,381,3.4723642645257145,0.27488174434102575,2.482098506414688,4.198909615049439,1.7168111086347513,-0.9870448856228408,0.09358977684576023,-0.9998205155477988,-0.0003884534970397,7.8854226977198625,1.2767167480658395,11.55324188297086,5.665619639926412,5567.329,5.309948121283936,97.25317779094476,6
4,382,3.465591847973898,0.26927456706580083,2.499544886162908,4.182123550892078,1.6825786647291703,-0.982521155601079,0.11497372498328512,-0.9995028844280672,0.0004637317379664,7.865599621307659,1.2747743671489749,10.678188237457311,5.9552457857400105,5528.453,5.24004618573386,96.12579124895568,7
4,383,3.4621709600387423,0.27641854172798797,2.4624361945446704,4.198072340064109,1.7356361455194387,-0.9800816231955619,0.12434335526375155,-0.9994974790321102,-0.000444670458366,7.840911830800531,1.2326863545919309,10.67885056037868,5.126830693450095,5513.39,5.20829312099956,95.61912055784971,8
4,384,3.456977710322033,0.2751902226910066,2.4931009972754072,4.19729618680157,1.7041951895261631,-0.9774850815985034,0.13382975967605476,-1.0007522715759782,-0.001261398550607,7.866129688953066,1.3834688071832673,11.249497515672802,4.893767418275603,5486.187,5.161657276006492,94.89793621419435,9
4,385,3.449217752251389,0.28280421023661256,2.462787320418678,4.196562826262564,1.7337755058438864,-0.9753322406906505,0.14184057901673308,-1.0074496368791506,0.0009610082927127,7.9393273558149495,1.39327292978273,11.637480263714384,5.15657372051309,5461.922,5.1162923483001626,94.25965417600749,10
4,386,3.447579855504856,0.2798908333399356,2.497516098993309,4.1961404278065615,1.6986243288132523,-0.970424713185739,0.15690082524941973,-0.9995519473703496,0.0023577383035202,8.020423171340544,1.41630114613822,11.797524620709758,4.4882679517409105,5438.157,5.065979506983816,93.36754192800993,11
4,387,3.4358831885309766,0.2821173738615372,2.472999574663348,4.178175250938716,1.7051756762753674,-0.970256674882607,0.15752506547152056,-1.0000552345201277,-0.0002025304922338,7.909281139740462,1.5097124279907503,11.717322041018162,7.080744980127563,5402.875,5.0149979335182735,92.74965886208535,12
4,388,3.4393737351491587,0.2833620654812858,2.4798848457409326,4.195619110791885,1.7157342650509522,-0.9652466121144252,0.17148063670668168,-1.0000587870310462,-0.0004145189886527,7.9764627392531535,1.358279999305129,11.400146543773252,4.6257633617243,5384.438,4.976733574013817,91.93781802067588,13
4,389,3.437163038991663,0.28344750729699075,2.483308761917933,4.195354802720307,1.7120460408023743,-0.9624204407769305,0.17859111711980266,-0.9996583037293504,0.000491200052255,7.975220288628877,1.3260757440614164,11.27412857657329,4.653613250819536,5344.859,4.922208204179987,90.99526742455112,14
4,390,3.432715938014848,0.2839799302248766,2.4722726688004677,4.195137899317883,1.7228652305174155,-0.959579561659367,0.18547546087536196,-1.0003023505936774,-0.000497601105255,7.919276364601211,1.3499937661540542,10.939205926809544,4.2599347743611595,5305.156,4.864906413839717,90.04900766290372,15
4,391,3.4312793781460638,0.27919213220740324,2.4995232811069013,4.195919647393222,1.6963963662863204,-0.9569605305508407,0.19185563976417458,-0.9997391001993594,-1.523743837134638e-05,8.087848756281263,1.3998155776004382,11.469256268063758,4.171919410173484,5284.547,4.831018803687633,89.45888100502906,16
4,392,3.423768606452633,0.28109302491302657,2.492874341811692,4.176270279535014,1.6833959377233225,-0.9522133825707907,0.2036337176378735,-0.99934176839957,0.0003722025001506,8.02258709983945,1.3526966169962111,11.07680003582411,3.9077273263954853,5267.843,4.780313618919374,88.72326810853846,17
4,393,3.425776013992083,0.2821382074716997,2.466722917823166,4.195157601948688,1.728434684125522,-0.9541332483411131,0.19896860309917494,-0.9985673084050938,-0.0004598315898297,8.12948679263687,1.3495682040693433,11.26155378961363,4.229526968618415,5229.688,4.758502937236589,88.26224827586373,18
4,394,3.4199159770745933,0.2845842420574233,2.470780211742849,4.195480097537295,1.7246998857944456,-0.951277080781025,0.2051945591267312,-0.9980068368798176,-0.0001654185151032,8.089656475775936,1.4057757730917506,11.576966830401837,3.9148037658492463,5206.954,4.714298998593135,87.60101233868417,19
4,395,3.419545032162598,0.28438788153584044,2.4848489819284896,4.1943133355165845,1.709464353588095,-0.9432133015363675,0.2214695302692593,-1.000251640119134,0.0008465508340473,8.144440591218109,1.3200131058899496,11.16400609714747,3.9766178594080817,5179.062,4.647381821655824,86.38601269064314,20
4,396,3.4121967412564467,0.2875876671575165,2.4661345187240347,4.194450936586587,1.728316417862552,-0.9477871437594549,0.21229613465465005,-0.9983916549138828,0.0011324508413777,8.231983414070719,1.5098316401433178,11.988971088033123,4.281234732350073,5144.109,4.629861873326423,86.23386913233931,21
4,397,3.407362058046422,0.2851401421321317,2.472581288872932,4.173215087704208,1.700633798831276,-0.9403317488154684,0.22786889972047011,-0.9999277500600487,0.0032808403710279,8.207473278156359,1.5154276623422216,11.73519417014362,3.7331770284327304,5142.891,4.583289914542675,85.5163445196924,22
4,398,3.4128712396915972,0.2839000965061678,2.4919564449811342,4.193501778898149,1.7015453339170148,-0.9372882788479067,0.2336401609821688,-0.9989961791594164,-0.0002897953368181,8.189312466474624,1.405684397434997,11.299125699617386,3.465243638790845,5109.734,4.5424476003101,84.63477246665755,23
4,399,3.408624211537015,0.2868180772912575,2.485517355170574,4.193305249397542,1.7077878942269682,-0.9340008362934733,0.2391661920353531,-0.9986368638895086,-0.0003544133355372,8.139466322876048,1.3901433319977172,11.376911439849154,3.453744084872964,5078.937,4.494729701705881,83.86749412169273,24
4,400,3.405803295662315,0.28546473639836556,2.499796953515674,4.192997819348426,1.6932008658327518,-0.9308225674416871,0.24478582672581675,-0.9990064665951188,0.0009278861134754,8.11394700059043,1.5109794818661697,11.488807348025915,3.3171649896070816,5051.672,4.4511778558122,83.14150849211181,25
5,453,3.6461406726770127,0.2317719032453399,2.4987062304520014,4.197294023274615,1.698587792822614,-0.9931771469825759,0.05563991909967626,-1.0009808343171922,-0.0011695682960674,44.007524345018545,3.828517408132404,48.10057733769074,18.26090547924862,6375.828,6.41543834192507,98.76812052951081,1
5,454,3.64392186740937,0.2563095611283895,2.473002904156423,4.204972433209606,1.7319695290531825,-0.9751829593896583,0.14388487449293696,-1.0025756987118928,0.0005016857859861,46.67611297517316,0.6834086669843099,48.36094927051516,2.6612535234571837,6574.671,6.518895374965222,100.0,2
5,455,3.646350059209468,0.2527958725924323,2.489434465017692,4.208448210539393,1.7190137455217007,-0.9751939760319923,0.14436440554331825,-1.0031061081836674,0.0010422942506089,46.6383045331837,0.6774506746837818,48.20507797013392,2.5314650254311246,6571.156000000003,6.520285910648542,99.95428774771983,3
5,456,3.645585479395615,0.2535659860965016,2.473981445559395,4.206898230242775,1.73291678468338,-0.9750119009804336,0.14474006342434134,-1.0000100485815209,-0.0004797660937087,46.624310116631904,0.6784104827070286,48.18149876688975,2.5675941336367245,6569.11,6.516183279911379,99.90535895884699,4
5,457,3.6468115454863126,0.25213791599748286,2.4673788761032256,4.207946244454896,1.7405673683516705,-0.9763225329640914,0.13999347498375772,-1.0011404247002111,-6.075481354176288e-05,46.60181681852236,0.6882552716935664,48.22285805925047,2.643403934153554,6558.75,6.515642791450524,99.89414128494035,5
5,458,3.6451349051966417,0.2543363018470686,2.458737817987512,4.207227267233697,1.7484894492461849,-0.9746122484452725,0.1454777717741122,-0.9997689271977604,-0.000962449630036,46.64079559317347,0.6911594060635006,48.3111327307896,2.626865322412719,6567.516,6.512154820817226,99.84991450574277,6
5,459,3.6561026070574316,0.23035868696689416,2.4562277920171924,4.197666044398925,1.7414382523817329,-0.991639778772074,0.06883379428486193,-1.0007520082133683,0.0002923840287762,46.65269866016946,0.6797763107464904,48.31988246057892,3.151544236506844,6430.172,6.485181376866009,99.53857169683957,7
5,460,3.6458870173477007,0.2520633930220158,2.437931364664341,4.2045074487347165,1.7665760840703757,-0.9776620652375614,0.13560501816345816,-1.0001244493615749,-0.0005688615748229,46.637301691869546,0.6736511778360658,48.19161251147565,2.6543416375725357,6554.327999999994,6.517420779508842,99.97128771084455,8
5,461,3.645766068703999,0.25296275800799084,2.4476008226100348,4.208084129481043,1.7604833068710084,-0.97593374546125,0.14126915049099978,-1.0009890843051303,-0.0003949523212586,46.62385161772923,0.6748783260028136,48.22746339794149,2.5924765621187547,6560.922,6.514218797107626,99.89235761040145,9
5,462,3.6446971444609972,0.252651143376755,2.467377500135635,4.207142953751636,1.739765453616001,-0.9744225907364069,0.14684988290756368,-0.999878987544532,-0.0005866536966315,46.59535143073503,0.6751239464114842,48.171946839870586,2.5153923696138705,6559.047,6.502337953346604,99.70702122602538,10
5,463,3.643834980413121,0.2534829362129417,2.457416820096295,4.207099547920701,1.749682727824406,-0.974188913140975,0.1471833534085221,-0.9998571461225196,-0.0006151380058416,46.59281927437506,0.6755659045739152,48.20204512091098,2.5476986022389028,6553.781,6.494195486594807,99.60180736248907,11
5,464,3.6455211713700875,0.2505800544160321,2.470228395185217,4.2078293027865055,1.7376009076012884,-0.975611434926553,0.14251759332293432,-1.0000003263864057,0.0003303976924341,46.595538716376765,0.6820846202212589,48.20808548312476,2.6443928540867034,6540.187,6.491066346643601,99.54515205579415,12
5,465,3.6442867502271574,0.2495102109645003,2.47756542534469,4.20415549392574,1.7265900685810505,-0.9755764719558602,0.14291821051927545,-1.0004178749173285,0.0011008007880939,46.615922853146614,0.6813650511825389,48.216947901934525,2.6047548919202725,6535.922,6.4852431612619466,99.48743320091906,13
5,466,3.6438395995465793,0.2513713419515984,2.480137502417058,4.2074857099225,1.7273482075054414,-0.9738254896234411,0.14830325984573825,-0.999529179518921,0.0003694782278517,46.61306744285817,0.6774885959566102,48.23861432117145,2.501870919085462,6544.078,6.4824145516035765,99.42515993518077,14
5,467,3.6432430775983096,0.25318361085884816,2.4411463439008707,4.207192516257174,1.7660461723563032,-0.9753455155568392,0.14343671964549554,-1.0024734646700488,-3.1553697800508864e-05,46.60739102749507,0.6764850306101451,48.2409468668017,2.596478006229141,6531.187,6.477274899339239,99.38798100537332,15
5,468,3.6429596917730023,0.25321060608275203,2.4393843779206725,4.207616345532635,1.7682319676119627,-0.9751784320040705,0.14379845810439867,-1.0005732751031589,0.0022691672645365,46.59731896053421,0.6880017262032141,48.28638353591076,2.6194693333426358,6528.562,6.47326208328578,99.33312696437484,16
5,469,3.6431420009845095,0.24996759257338996,2.49689484054888,4.207147287931799,1.7102524473829193,-0.973600435800719,0.14947157268388553,-1.0008157279135228,-7.198941599677714e-05,46.60563234024716,0.6830052849889497,48.23633627651948,2.5231617456489843,6525.187,6.461375022353574,99.12169140988468,17
5,470,3.6420393576004138,0.2504550583171979,2.465533668800099,4.204165409407158,1.7386317406070586,-0.9749580537234221,0.14453874587126944,-1.000236431675222,0.0033658045043937,46.62474216211915,0.6830099136272396,48.2681944116944,2.6873652048855448,6515.938,6.458039481590596,99.12744831384617,18
5,471,3.6405822186622365,0.25222913595220003,2.487866062972102,4.206316214831835,1.718450151859733,-0.9716546701373575,0.15507450232138217,-1.0006688784958595,0.0022141183427778,46.6386326424737,0.6906353744542701,48.25892855404056,2.5502721073269967,6532.015,6.452599308979953,99.02129026616953,19
5,472,3.640101281169697,0.2530854368802175,2.480376897645346,4.20729233602744,1.7269154383820942,-0.9715222945577332,0.15540350510075168,-1.000189600537282,0.0013320318981198,46.624080824947505,0.6799302453457413,48.27406092264485,2.4420644970726,6527.922,6.447328878275638,98.95093011732703,20
5,473,3.6389138404319183,0.2565681603656234,2.423512955443349,4.207400407989978,1.7838874525466286,-0.9730192985244435,0.1507824605103139,-1.002543132516972,0.0012971817137517,46.6573959514452,0.6964265520817934,48.37743085469793,2.6027216594676688,6519.328,6.445831975026437,98.97960080712986,21
5,474,3.6390963886375602,0.2547418012522833,2.4421166575524973,4.207172779835573,1.7650561222830756,-0.9728763615065116,0.1511135091973521,-1.0002377370623996,0.0007773495445484,46.69850634609825,0.6867492914817974,48.34229218799801,2.567112522330092,6510.063,6.436205839504185,98.83104994202505,22
5,475,3.639310178523211,0.2502376418090737,2.48916723023537,4.203796739473216,1.7146295092378456,-0.9727174864909479,0.15135109041127842,-1.000266726704825,-0.0011187376859917,46.70366699259687,0.6910989217166812,48.35205523072366,2.6116847505916923,6501.718,6.426041826109724,98.67933861283814,23
5,476,3.6382966465278597,0.25265965283452985,2.486277943958813,4.207405098710311,1.7211271547514975,-0.9708770463110533,0.1567486967807798,-1.0005563283787111,-0.0009319974467701,46.69858207228199,0.6938290628603495,48.36227474052515,2.5956212557204594,6509.047,6.4217494360724645,98.60489555371565,24
5,477,3.6368192187368806,0.2548123707473531,2.4621592876012923,4.206949746343375,1.744790458742083,-0.9707953984260251,0.1573172102943598,-1.0033647356784487,0.0010895719436704,46.68478011498361,0.6959142888746006,48.39407566049798,2.5446565412090507,6502.438,6.412508987501626,98.4985372187068,25
5,478,3.634846725471178,0.2584752246552469,2.419307605326947,4.20717367641765,1.7878660710907028,-0.9707512160925147,0.15748667203802114,-1.001627835766793,0.0013117121933103,46.691631182155156,0.7055045987232098,48.40712816602448,2.644752273266178,6502.047,6.409182909387727,98.49167300878734,26
5,479,3.635905813888798,0.25322997230824,2.498091152649448,4.206902271296153,1.7088111186467052,-0.9689523533406329,0.16297453433450512,-1.0019022091888887,-0.0003821110311148,46.752413955353425,0.6858421630129338,48.476824345274245,2.4237662890274834,6498.86,6.396634974684466,98.2554196211304,27
5,500,3.624872673514505,0.2353076325153605,2.682915069119874,4.175387518911088,1.4924724497912139,-0.9641877110703866,0.18200486958229914,-1.0054061310164104,-0.0006022647688212,44.27504698193625,3.39299801263814,47.45925542600303,16.19433671995329,6375.828,6.228323372191339,95.88609221030201,28
5,501,3.6219123150772736,0.24977184685310586,2.6893633842231077,4.183371957728605,1.4940085735054973,-0.9482972559679383,0.21820826355520406,-1.0045560878148372,0.0014828910539338,46.496780020843715,0.5668921843786049,47.733284854985534,1.2306891597976275,6574.671,6.328135334583991,97.20237019459404,29
5,502,3.621615017492515,0.25219343673209227,2.663011590614207,4.185403574589526,1.5223919839753193,-0.9497815137936721,0.21564422052048854,-1.0039916444953547,0.0026229121250043,46.4678468881245,0.566316129376439,47.68533526444168,1.2561445741093422,6571.156000000003,6.334512718069851,97.31109754722476,30
5,503,3.622864388629409,0.24864046921780386,2.6936866986118786,4.185139783184118,1.4914530845722394,-0.9494868615948265,0.21616127932775484,-1.0035412359730254,0.0018042054143051,46.45190241544343,0.5656138500231167,47.67231335727975,1.21994540941742,6569.11,6.332063646341632,97.25362006680096,31
5,504,3.6220494199910203,0.25229816566086916,2.644136217828117,4.185518450705473,1.541382232877356,-0.9521447667439508,0.21020737531556366,-1.0033495846328242,0.0008606575749141,46.440231939332925,0.5745610157871484,47.70025798751115,1.3546135956317542,6558.75,6.337889624405818,97.38499081061306,32
5,505,3.622162963654601,0.2503200044646074,2.6743889241293517,4.185427919430507,1.511038995301155,-0.9505422244648805,0.21408524744577076,-1.0030055331887324,0.0007631387427286,46.465222077063906,0.5720367958602839,47.70250785089967,1.2926963946789058,6567.516,6.336725200502904,97.34856224871072,33
5,506,3.629361907913309,0.23675687996708347,2.6812131139529,4.176190564871368,1.4949774509184683,-0.9652916551188272,0.1796009486523257,-1.0027747249074537,-0.0001414437506866,46.49072067213048,0.5910589831070779,47.77567590438216,1.6968319930201687,6430.172,6.298014510118076,96.83064776831654,34
5,507,3.6234871903936696,0.24618052335204266,2.6999262584848243,4.182711714289401,1.482785455804577,-0.9515172757333833,0.21192937515599677,-1.0034382664884212,0.003000111482582,46.47888431603475,0.5613635366300276,47.68448077336878,1.286366019934711,6554.327999999994,6.331057558404739,97.25991566413224,35
5,508,3.6222932883799372,0.2498355914829464,2.67095044814488,4.185107481198763,1.5141570330538832,-0.9513915692974558,0.21220983054800976,-1.00341328437475,0.0040058894381698,46.45480276183313,0.5588993977475475,47.66868390973605,1.2501215143276383,6560.922,6.335617484790178,97.34391185782515,36
5,509,3.622128684193048,0.2492828551676409,2.677767553221005,4.185322736341408,1.5075551831204028,-0.9510427335186784,0.21257142056720116,-1.004224655039593,0.0018124880766567,46.423098338329766,0.561349135546957,47.63553822379171,1.2822430754036205,6559.047,6.3311103992804085,97.27756910753415,37
5,510,3.6212784001178204,0.2516959290634785,2.6464594317551624,4.185286474015191,1.5388270422600288,-0.9524743606309494,0.2097195864754419,-1.0021217239246465,0.0007810721939,46.417883981463206,0.5644627651026239,47.64097688926351,1.3289372324667994,6553.781,6.333909646188547,97.35032002129492,38
5,511,3.6222214851987244,0.24976082815237188,2.654408689336339,4.185544800435261,1.5311361110989226,-0.95386146065853,0.2069362486563886,-1.0037473971660458,0.0015347884549426,46.41962937983975,0.5685561078583705,47.67660695857828,1.361551502646826,6540.187,6.329574763873024,97.28830314182694,39
5,512,3.621600293236707,0.2499875030673033,2.6386466599890395,4.182805883908282,1.5441592239192423,-0.9551274962002001,0.20383064096035397,-1.0028648893332504,-0.000704159031792,46.437216774742105,0.566674659537767,47.670062907549664,1.3509285042349575,6535.922,6.332857581480681,97.37121335942471,40
5,513,3.621303558836112,0.2502488491989161,2.650918288963567,4.184959782592119,1.534041493628552,-0.9535557918067024,0.2077401753863245,-1.0029366943014713,0.0021767645170841,46.44051551612336,0.5658719122721885,47.67504818462313,1.3353348555522473,6544.078,6.3306059924968725,97.3218070671517,41
5,514,3.6217314334668362,0.24967584235492005,2.6471595195723987,4.184990348881109,1.5378308293087102,-0.9547864424869567,0.2047417822055289,-1.0055702938792732,0.001907260217935,46.438246093452804,0.5615939735938017,47.66226480407664,1.3721632159093744,6531.187,6.325882472518626,97.26071581119973,42
5,515,3.6224802575418096,0.24743073150373668,2.669669356026842,4.1849433685502655,1.5152740125234234,-0.9544935502891163,0.20532957762069334,-1.0035201801507372,0.0019278382707148,46.419799968945064,0.5674713580512074,47.65776484346084,1.337171890522221,6528.562,6.322292461417153,97.19514415547482,43
5,516,3.6227913336348077,0.2460736982630927,2.6833023579431665,4.184970988659253,1.5016686307160865,-0.95437046004151,0.2056862717388041,-1.0023712414422137,0.0022952094998644,46.41925960985013,0.5669687491699866,47.65588226485245,1.3474742437651486,6525.187,6.318540475647185,97.1352665207073,44
5,517,3.6219039988656228,0.24648963388922873,2.664835318499988,4.182014111969684,1.517178793469696,-0.9556526843949636,0.20263613222378116,-1.0031895155635666,0.0026929044163282,46.442880190211326,0.5598428846110414,47.68924379895171,1.3410796681778834,6515.938,6.315982041820587,97.13402176622424,45
5,518,3.6231487093600996,0.24500737137010592,2.695190974478952,4.185325352263018,1.4901343777840657,-0.9540072055241993,0.20647943680001474,-1.0022727458635838,0.0033121149468496,46.45501075115101,0.5487731621833187,47.68013294716548,1.1717144003638893,6532.015,6.322857762682931,97.19557707882745,46
5,519,3.620727454558004,0.2488410361628465,2.659441128426158,4.18476201200528,1.5253208835791225,-0.9537643838011659,0.20687034357317283,-1.004096237718038,0.0016503654453088,46.42899601057107,0.5697010071955264,47.69683888709109,1.3806077684382672,6527.922,6.315031331674911,97.1170772692475,47
5,520,3.620851281939705,0.24932235789829563,2.645724055946119,4.184831315830137,1.5391072598840183,-0.9552956614335978,0.2035530501155875,-1.0023111389899824,0.0006494295255993,46.4460831551733,0.5702624335749045,47.68346890250753,1.392875563260347,6519.328,6.316046931387745,97.14787519849729,48
5,521,3.6223530356435982,0.2451005855664148,2.686333486141192,4.184646274630554,1.4983127884893617,-0.9549687460528705,0.20401739546208944,-1.0020932273329095,0.0028312707466933,46.477279245422224,0.5663357074927603,47.72656082449746,1.383956309392289,6510.063,6.30680745980883,96.98600669373054,49
5,522,3.621799074855713,0.2450143851431504,2.67226557137279,4.182435522794885,1.5101699514220948,-0.9564508369268612,0.20074731040717927,-1.0026245473984143,0.0021612198677544,46.50566493668475,0.5693948426977778,47.7336433887077,1.4144671031321394,6501.718,6.305730143728856,97.00346199192315,50
5,523,3.620827200366945,0.24870782989318027,2.6426430588133014,4.184925895802646,1.5422828369893447,-0.9560639609053613,0.20117042234202168,-1.0031176329618126,0.0025490018406792,46.489529302216496,0.5718577975107005,47.73354479118836,1.438151036258347,6509.047,6.31011600153732,97.07793762535444,51
5,524,3.6206286090197306,0.24809399317556521,2.6490836320353925,4.184718733685154,1.5356351016497611,-0.9559267781293634,0.20162881088070403,-1.007180550602924,0.0001232110301356,46.47422502580763,0.571533333389348,47.74132595782936,1.448287219689,6502.438,6.30252911089433,96.96919430310881,52
5,525,3.620461858040284,0.24781387349105166,2.65252579490315,4.184688819147048,1.5321630242438982,-0.955732355842102,0.20209960207174313,-1.0057632619161987,0.0002453278658436,46.467598009037445,0.5765244273053443,47.73740327080965,1.4113844596297724,6502.047,6.300728559168371,96.94401398243212,53
5,526,3.6207850957418692,0.24634036886889726,2.6675427612038987,4.184286661063821,1.516743899859922,-0.9557348422192878,0.2024657476626061,-1.0036710316885369,0.0040074697295788,46.50711933936233,0.5735385049520042,47.780084445812335,1.4318381348430265,6498.86,6.297666927717156,96.89688199829081,54
5,575,3.676492835528995,0.22932539822023004,2.6151397684307285,4.181907184700754,1.5667674162700256,-0.9970402880141495,0.9973457313824224,-2.003545780105601,0.0039530735989389,30.261078788805897,1.1290370331229969,31.679728237853865,5.25047087430184,6515.422000000006,6.427857534647174,101.26850081136305,55
5,576,3.677932362103996,0.23102269615491433,2.578716047628789,4.186798367560072,1.6080823199312828,-0.9969604106618353,0.9969915519258229,-2.0005429484896995,0.0076792458059845,30.023214006195516,1.1490299445175196,31.42728999177483,5.29948030925096,6516.219,6.432127265990767,101.27490161079957,56
5,577,3.681544140844236,0.226586842003534,2.679890873914289,4.186905629206883,1.5070147552925945,-0.9970702802711341,0.9971704123312908,-2.001716318999832,0.0026433737140248,30.21665562692593,1.197792715194389,31.694210133469813,5.384321842257098,6489.5,6.414389839522008,100.86540400088766,57
5,578,3.6819955552100256,0.22657929942388616,2.674600586599544,4.1855363847405656,1.5109357981410216,-0.9973030888189302,0.9970660095360345,-2.0013061408259385,0.0029380177679172,30.363564779968748,1.1953638531572859,31.849947051821637,5.3711604226099965,6471.25,6.3998692742323815,100.6041705201609,58
5,579,3.6822366580622092,0.22733426672952328,2.655983638577288,4.186483098548598,1.5304994599713098,-0.9974129863341045,0.9976876215058516,-2.003132431573937,0.0044134342131219,30.383708693138953,1.1838330197469449,31.89197660091397,5.374489478742621,6466.672,6.397684066033275,100.5518258448835,59
5,580,3.6730621916612125,0.22329109074567416,2.5587601304544574,4.167593667891115,1.6088335374366576,-0.9966248234259864,0.9973202787494431,-2.000382265647373,0.0052789420299725,30.151543075778466,1.1225470060494809,31.647839531181656,5.308123405539032,6410.672,6.325161804634069,99.61532490772426,60
5,581,3.6821638997402064,0.22177641228707445,2.684075980505414,4.183182085400848,1.4991061048954335,-0.9963089849547179,0.9970860781677938,-2.0009566453567627,0.0044554505381894,29.942877366572425,1.2100077402197777,31.66717160096336,5.585192943947476,6474.156,6.402195928036832,100.57017033744593,61
5,582,3.6829104616020185,0.22196782572054807,2.692955180725203,4.1836584764239335,1.4907032956987307,-0.9974947737184627,0.997496927829375,-2.0032399141635837,0.0029396928561688,30.159672019699293,1.0727400768502253,31.543075306784417,5.048100655872265,6460.75,6.397905654012938,100.4656320886981,62
5,583,3.6830910997567576,0.22348140072470055,2.664091579679959,4.186132992895621,1.5220414132156614,-0.9972667051793968,0.9971492235439927,-2.0048267623571854,0.002281299292246,30.18503729745987,1.1322465059435378,31.63889282611546,5.198272990094853,6448.907,6.385064226620525,100.25711030479565,63
5,584,3.6823376400116725,0.22605666843111222,2.599501054239839,4.18607245667024,1.5865714024304007,-0.9977254189629399,0.9973244966988992,-2.0036009637765297,0.0025771990386505,30.557366977302667,1.1901672802778172,32.06283964981591,5.334267979397126,6447.125,6.385245391137055,100.27275332597598,64
5,585,3.6779403019036363,0.22382532650235404,2.5987712023407274,4.177617061522188,1.5788458591814605,-0.9970949960183577,0.9974807167069976,-2.004912384137109,0.0052626479083668,29.87809290999813,1.1100000697758554,31.17821904490572,5.067877225341242,6431.219,6.358591314889472,99.97745450742174,65
5,586,3.6809827017477756,0.22662380525388784,2.568337342317612,4.183570268917493,1.615232926599881,-0.9972732896654729,0.9973248422012786,-2.007057616844831,0.0042315295392157,30.329541918405045,1.1420650440626565,31.830430244172504,5.310717180407799,6442.203,6.376144241173218,100.16310146653457,66
5,587,3.6821031308211283,0.22714644898543934,2.571655326217227,4.186886063009724,1.6152307367924972,-0.9970037592871084,0.9969468937942636,-2.002345592887727,0.0056377270822839,30.67805955282036,1.1573327107671774,32.176676996947776,5.280530166469543,6427.079,6.362240145788437,99.90346807658315,67
5,588,3.68119828344271,0.22831870263398096,2.5464403411304843,4.186431294608572,1.6399909534780877,-0.9977226887954374,0.9974514605944089,-2.0042056776412545,0.0039866009095767,30.61748146501738,1.1245223221692005,32.101579055970326,5.218117523412463,6417.156,6.355262000362705,99.81745272424205,68
5,589,3.6808780113914024,0.22855630947587238,2.5488905698718844,4.186605296553263,1.6377147266813785,-0.9976984888319611,0.9973920327698991,-2.005381985851277,0.0039134463483929,30.47693232752601,1.1205014106052162,31.92722580084625,5.159890007297317,6398.907,6.335674819247625,99.52940895443957,69
5,590,3.6816453877057884,0.22709297677692256,2.592227961453642,4.186411251128915,1.5941832896752728,-0.997566184368524,0.9973890949731444,-2.008651720668571,0.0051400405121361,30.59851621920085,1.171261474207355,32.17577171129977,5.37208076116973,6384.75,6.322731231118833,99.29976466673473,70
5,591,3.6751321799254955,0.2205990295345719,2.598546956085325,4.1643364768914175,1.5657895208060926,-0.9970360820430222,0.99750771569575,-2.003317125586951,0.0045328861980498,31.100240402928506,1.1340854416716433,32.50607956309833,5.162310994548992,6284.063,6.211795814170923,97.69959732396921,71
5,592,3.6846266213857497,0.221855166205316,2.6924907199800523,4.183279934429277,1.4907892144492245,-0.9969371531723805,0.9974823313196185,-2.0076002242955377,0.0033873420104242,30.938169249041685,1.1212376917108666,32.36361154404582,5.139380606425416,6370.937000000005,6.313470998234796,99.0333270252304,72
5,593,3.6832544826548084,0.22503995916122413,2.6173421756941537,4.185224082214954,1.5678819065208,-0.9969974742534108,0.9974033084011937,-2.0035478824784314,0.003129703051341,30.779624907003203,1.1187220380010712,32.23987480909281,5.159963180724841,6359.812,6.2992783009391795,98.8655451271459,73
5,594,3.6830019424524427,0.224939209972402,2.6240203066915697,4.185772001736481,1.5617516950449115,-0.9968197698794886,0.9974594517579985,-2.0037779278104373,0.0031119203240232,30.70960684046627,1.1583269122646627,32.1209393902127,5.160847977914436,6346.156,6.284536932747121,98.64303916891247,74
5,595,3.682514927726665,0.22503062085183004,2.63525875804135,4.185968902546653,1.5507101445053033,-0.9963445930927353,0.997101149131679,-2.0020973714849557,0.0051084767717809,30.47705959403915,1.0762093032335351,31.876773372691297,4.995857241044128,6328.172,6.262679010553196,98.32491952886409,75
5,596,3.6802726203570852,0.2288351077697829,2.540126038881981,4.185740020171981,1.6456139812900004,-0.9967865142227076,0.9973021473407734,-2.008192950178892,0.0031152716245573,30.54925924889458,1.17339654273853,32.13891568195097,5.429058853321049,6326.062,6.258455765877836,98.32168928892533,76
5,597,3.67908706723787,0.2265027323143569,2.578459071114453,4.1838351172655095,1.6053760461510564,-0.996914300528855,0.9977075888584652,-2.0032214377942505,0.0048208982354946,29.858081061792472,1.1345529438615418,31.30995086456362,5.198242433137914,6352.843,6.284469633502628,98.76023489726805,77
5,598,3.680942088612725,0.22559447406287064,2.6156681128542663,4.185613308228973,1.5699451953747068,-0.9972513551873874,0.9977628650532772,-2.004916509907621,0.0044677281397456,29.927497513672723,1.1361920489716668,31.44390039724308,5.26627057186759,6309.172000000006,6.246489731169937,98.11584468549478,78
5,599,3.681439648314102,0.22390677818289212,2.6736673087239398,4.186072517005326,1.5124052082813861,-0.9970973800951103,0.9976936191315176,-2.005217576993348,0.0078825810848727,29.887309173794996,1.1274532580521248,31.383820135357173,5.209027341655137,6284.297,6.221878042432152,97.72236470700207,79
5,600,3.680615489022298,0.22493032951062786,2.6531966228276134,4.186079245979765,1.5328826231521515,-0.9972667201815385,0.9975309912722178,-2.0045790903634986,0.0040562803105015,29.974612767860144,1.1602252787734293,31.360116664622662,5.247521000847332,6265.969,6.202488907831633,97.44417806463088,80
5,601,3.6776600467841285,0.2300171239739823,2.5306280538039845,4.185739001637966,1.6551109478339816,-0.997266880260863,0.9977283140873734,-2.010698718226501,0.0028456839768755,29.928807475767645,1.1546786895557453,31.44534438395542,5.344012175577163,6266.641,6.1971540548614135,97.45232924668701,81
5,602,3.67453404625628,0.2196472797258553,2.651385292787423,4.167590440976821,1.5162051481893979,-0.9969394063653589,0.9978234784928319,-2.0051316277429905,0.0051030876956673,30.029795182593666,1.1725010584348865,31.550251048213177,5.300545999071925,6198.75,6.125424839356949,96.37745828771057,82
5,690,3.375833171038118,0.30321722333515516,2.1679616860507585,4.091725418867881,1.9237637328171227,-0.9606132638664066,0.21051089741783532,-1.0117101728405982,0.0007729257222862,8.336150156814936,1.6208517900415145,12.075623262738652,5.411632108247913,5608.781,5.0751945456338685,84.07796133283954,83
5,691,3.4250125349211604,0.31243582870636344,2.180850179577844,4.159841572444575,1.9789913928667313,-0.9944195894158236,0.11372875140054599,-1.0157168253561746,-0.0004661894984513,8.088311260303593,1.5010025497353996,11.61044167945082,6.992722366071322,5703.296,5.408394591816665,88.59590039520208,84
5,692,3.427812476893316,0.3201757645724719,2.148712088809679,4.180350451491815,2.0316383626821364,-0.9986292541736457,0.09342723120503257,-1.014585811777543,-0.0013941777112871,8.108636077883194,1.4769286490576368,12.416393344856289,6.800861035499386,5668.032,5.399839821200013,88.43591625347634,85
5,693,3.4260236276092266,0.3212152097392792,2.126630218048744,4.180484652340476,2.0538544342917318,-1.0007710730973127,0.08150988492319061,-1.0152252739169738,0.0004917354460156,8.179473273978417,1.5533659553463817,12.741907914911504,6.899830007717362,5634.047,5.374697427830307,88.10183116488972,86
5,694,3.427137964017458,0.3159529486985367,2.177720591678305,4.179828984428225,2.00210839274992,-1.0029400958959638,0.06701470735759572,-1.015528714589196,-0.0003758615075627,8.133323147997125,1.5325654276385317,11.812176644627147,7.869654424848751,5582.375,5.332751683035654,87.39356883176927,87
5,695,3.4224753028837007,0.3194337441339185,2.1738551413791023,4.179688473119865,2.0058333317407624,-1.002976218809888,0.06713857461337767,-1.0152994782253597,-0.0017314201089289,8.221548017024785,1.5715268169605274,12.77319183354637,6.846494411257416,5567.329,5.3111804614313485,87.16058123570423,88
5,696,3.4137666152192327,0.3160344161331226,2.1739453453589515,4.156718320546126,1.9827729751871748,-1.0029036577307848,0.06745003750888409,-1.0156907563945252,-0.0025000475145131,8.196033184015116,1.56427643813557,11.714847602816857,7.488464788680902,5528.453,5.260404111980208,86.54880843741694,89
5,697,3.415284661394718,0.3222543815100738,2.1496986936751377,4.179126280631904,2.029427586956766,-1.002852610333621,0.06770363551466192,-1.0141702039281322,-0.0012569793191836,8.16363192494008,1.5055301552892486,11.58953853216132,6.696438405990111,5513.39,5.2482056399374475,86.3101938668196,90
5,698,3.411339830211172,0.3229272523305341,2.130871451051632,4.178321190076967,2.047449739025335,-1.002761137143926,0.06827772875833123,-1.015116075388854,-0.0019003583424086,8.182297960881899,1.6446697473265521,12.228023164640565,6.562923253802974,5486.187,5.215761559155548,85.88016097097287,91
5,699,3.406171736681637,0.32799959431152426,2.1249846428522594,4.177914160605347,2.0529295177530877,-1.0028500275234071,0.0681678115395448,-1.0161898571210812,-0.0012356705884221,8.239851195999249,1.6658962163227755,12.995413081963957,6.882391683817719,5461.922,5.185195946187181,85.506164457834,92
5,700,3.404061107280645,0.3286401777277191,2.124079082604729,4.177668141485771,2.0535890588810424,-1.0027529355519171,0.06851611139092005,-1.0156335856045815,0.0005687903234577,8.314381068196377,1.6851876918374316,13.00690019959285,6.469798799812398,5438.157,5.158834605127037,85.12782787226723,93
5,701,3.392089192692739,0.32582611848484944,2.157698091133544,4.153042890139087,1.9953447990055428,-1.0027471224260915,0.06875838454086707,-1.0151373782288406,-0.0020212433897954,8.203300249486228,1.7611598302120675,13.003396618491456,9.079854179575488,5402.875,5.107201009696015,84.57775980310272,94
5,702,3.3962072676781316,0.3320829574126435,2.128860427750212,4.176783274878805,2.0479228471285933,-1.0026619793717586,0.06888923725704961,-1.0156661309978,-0.0017615914551981,8.252382764570392,1.6260403402062118,12.802739574235911,6.850969933020368,5384.438,5.095288190266672,84.28137602280124,95
5,703,3.395827065629725,0.33089170733331336,2.162828573021361,4.176835821672092,2.014007248650731,-1.002740647957347,0.06933297218662363,-1.015570651710456,-0.0012958453819805,8.247452041994245,1.5927604175217611,12.748426837127605,6.919230339219211,5344.859,5.057598786147951,83.67209648069174,96
5,704,3.3924931276502397,0.33040003158639575,2.1882897882574714,4.1765571620332524,1.988267373775781,-1.0027179745166037,0.0696247757318798,-1.0147574189655575,-0.0024425355844481,8.179356055314594,1.6123779650765908,12.453422458173543,6.618878237264289,5305.156,5.01521485277831,83.0488696350224,97
5,705,3.389283502389414,0.331079649342986,2.1285029465259013,4.1766999837334025,2.048197037207501,-1.0026894950538923,0.06994391723668264,-1.015910590106893,-0.0013228207107746,8.33800631225338,1.6425253149994201,12.1691500239434,6.768329562530935,5284.547,4.9913551260315705,82.72652865058122,98
5,706,3.377876069069322,0.3318288128893133,2.158726692822152,4.150196439454072,1.9914697466319198,-1.0025103497063337,0.07011502367051788,-1.0159094949842238,-0.0016492952707308,8.293330795902381,1.6432539808720534,12.726444405331804,6.76287713904476,5267.843,4.957963259066319,82.4524137815249,99
5,707,3.386987302997725,0.328896769389149,2.1998128745691083,4.175707583064406,1.9758947084952974,-1.0024134076376698,0.07050211575404294,-1.015635228418542,-0.0005976709915398,8.373136255476883,1.5996800459559077,12.125723483812015,6.908158362941422,5229.688,4.934564116572801,81.84843733183602,100
5,708,3.3829130588839496,0.33192510811572384,2.1540885607694915,4.176508363415245,2.022419802645753,-1.0024655689800792,0.07054877718588566,-1.016152801679653,-0.0028143667405868,8.329037453715973,1.6234766394937268,12.11350286924164,6.679995688096974,5206.954,4.9070863005467205,81.49778883646051,101
5,709,3.3774651407729346,0.3372938802743163,2.159795216779738,4.175329405348679,2.0155341885689406,-1.0024461693775724,0.07097756466806418,-1.015180208545858,-0.0010365158630051,8.396128944133206,1.6090894919913936,12.960410174687055,7.180117079259515,5179.062,4.873112923383412,81.06140090211733,102
5,710,3.3780934843236405,0.3308806968373481,2.185043715780537,4.175181369358572,1.9901376535780355,-1.002355515867145,0.07135050081934848,-1.014696180145089,-0.0007376994377314,8.43692173445999,1.6965000539838977,12.4262328165013,7.094001366226639,5144.109,4.840883159290998,80.50890987266203,103
5,711,3.364163079749717,0.333483873759522,2.1784898920030544,4.147372136171002,1.9688822441679479,-1.0023378437056385,0.0713975187105794,-1.0153472628222506,-0.0015101895474657,8.419794670115083,1.7918700289434677,13.21754189086476,6.943936767367333,5142.891,4.819440289550828,80.48918265654375,104
5,712,3.3705853863809336,0.3362842275092149,2.189853076065801,4.174822480867543,1.9849694048017419,-1.0021679698004895,0.07178875697450995,-1.015989585590983,-0.0011949572748057,8.409805733876953,1.7019687670033214,13.047668558877342,6.930013941889357,5109.734,4.796123228307693,79.9584168423176,105
5,713,3.366371835007897,0.33994075238792215,2.169597235193881,4.174669508085626,2.005072272891745,-1.0021759719497005,0.07210765738572221,-1.0147917391902936,-0.0003718638051042,8.370055044633526,1.6840004796987784,13.073094195785368,6.986007444030551,5078.937,4.7615899979438945,79.48005744662265,106
5,714,3.360943897156673,0.34160369557612363,2.153907127504055,4.174072805021775,2.02016567751772,-1.0021900129076768,0.07238628642729084,-1.0152446711938672,2.465679595063534e-05,8.33428157906845,1.8011691301188968,13.27910289077086,6.988989326203553,5051.672,4.7288599653675485,79.0553095007465,107
